,CENEFA,Longitud,Latitud
0,020A12,-74.1229,4.520579
1,053A12,-74.1072,4.498943
2,116A12,-74.1233,4.523468
3,472A03,-74.0756,4.739879
5,474A03,-74.0737,4.73897
6,543B03,-74.0743,4.73736
7,173A02,-74.0741,4.734009
8,028A02,-74.0734,4.731254
9,025A02,-74.0717,4.730728
10,129A02,-74.0695,4.7299370000000005
11,024A02,-74.0663,4.7288190000000005
12,127A02,-74.0649,4.728314
13,358A02,-74.063,4.727433
14,125A02,-74.0603,4.726468
15,123A02,-74.058,4.725672
16,121A02,-74.0545,4.724398000000001
17,320A02,-74.0516,4.722457
18,079A02,-74.056,4.719247
19,018A02,-74.0589,4.720344
20,023A02,-74.0624,4.7226550000000005
21,116A02,-74.0647,4.723674
22,034A02,-74.0654,4.7254760000000005
23,082A02,-74.0646,4.727362
24,128A02,-74.0663,4.728969
25,130A02,-74.07,4.730258
26,131A02,-74.0719,4.730944
27,027A02,-74.0735,4.731361
28,234A02,-74.074,4.734008
29,569A03,-74.0741,4.737008
30,476A03,-74.0741,4.738137999999998
547,132A02,-74.0647,4.727623
548,135A02,-74.0653,4.726274
549,091A02,-74.0666,4.72336
550,133A02,-74.0678,4.720603
551,154A02,-74.0691,4.7175660000000015
552,037A02,-74.0699,4.715736
553,038A02,-74.0704,4.71257
554,148A02,-74.0695,4.711068
555,149A02,-74.068,4.710618
556,151A02,-74.0659,4.70956
557,138A02,-74.0632,4.708286
558,144A02,-74.0601,4.707544
559,145A02,-74.0561,4.706858
560,050A01,-74.0507,4.705883
561,187A01,-74.0474,4.704839
562,185A01,-74.044,4.704047
563,301A01,-74.0429,4.70266
564,300A01,-74.043,4.701173000000002
565,299A01,-74.0431,4.699376999999999
566,298A01,-74.0432,4.696922
567,297A01,-74.0435,4.695143
568,296A01,-74.0444,4.693452
569,295A01,-74.0464,4.689918
570,294A01,-74.0479,4.686383
571,215A00,-74.045,4.683222
572,218A00,-74.0443,4.680861
573,219A00,-74.0457,4.6782629999999985
574,220A00,-74.0467,4.676299
575,044A00,-74.0479,4.6739510000000015
576,221A00,-74.0487,4.672372
577,222A00,-74.05,4.670048
578,045A00,-74.0518,4.667417
579,223A00,-74.0526,4.666323
580,224A00,-74.0547,4.6631230000000015
581,225A00,-74.0571,4.659555
582,226A00,-74.0583,4.657873
583,314A00,-74.0591,4.657621
584,398A00,-74.0608,4.658786
585,299A00,-74.0611,4.659806
586,300A00,-74.0599,4.6615150000000005
587,301A00,-74.0593,4.662441
588,302B00,-74.0581,4.664493
589,303B00,-74.0574,4.665799
590,304B00,-74.0557,4.668943
591,305B00,-74.055,4.670411
592,306B00,-74.0541,4.672308
593,307B00,-74.0534,4.6737160000000015
594,308B00,-74.0528,4.674779
595,310B00,-74.0515,4.677418
596,311B00,-74.0495,4.6813129999999985
597,312B00,-74.04899999999998,4.682258999999998
598,094B00,-74.0485,4.683283
599,277B01,-74.0477,4.6863519999999985
600,278B01,-74.046,4.690023
601,279B01,-74.045,4.691782
602,280B01,-74.0432,4.695169
603,281B01,-74.0429,4.698084
604,018B01,-74.0427,4.701842
605,184A01,-74.0438,4.70439
606,186A01,-74.045,4.704552
607,188A01,-74.0476,4.705274
608,189A01,-74.0505,4.706193
609,092A02,-74.056,4.707334
610,146A02,-74.06,4.708038
611,147A02,-74.0633,4.708892
612,006A02,-74.0659,4.709996
613,150A02,-74.0682,4.711015
614,078A02,-74.0689,4.711316
615,039A02,-74.0702,4.712692
616,152A02,-74.0698,4.715561
617,153A02,-74.0689,4.717459
618,036A02,-74.0676,4.720581
619,035A02,-74.0665,4.723022
900,543A12,-74.1067,4.556377
901,294A12,-74.1081,4.555619
902,292A12,-74.1081,4.551682
903,439A12,-74.1087,4.5500050000000005
904,266A12,-74.1094,4.548742
905,252A12,-74.1116,4.548145
906,246A12,-74.1125,4.547894
907,250A12,-74.1128,4.548892
908,558A12,,
909,129A12,-74.1183,4.552479
910,389A12,-74.1182,4.554288
911,130A12,-74.1197,4.555973000000002
912,133A12,-74.1206,4.557222
913,134B12,,
914,364A11,-74.1232,4.5581510000000005
915,362A11,-74.1241,4.55937
916,365A11,-74.1258,4.56278
917,360A11,-74.1271,4.565405
918,080A11,-74.1291,4.566247
919,616A11,,
920,078A11,-74.1314,4.5687760000000015
921,077A11,-74.1305,4.569988
922,074A11,-74.1286,4.571798
923,572A11,-74.1281,4.574276
924,075A11,-74.12899999999998,4.577411
925,060A11,-74.128,4.578504
926,060A10,-74.1262,4.581447
927,058A10,-74.1275,4.584525
928,005B10,-74.1305,4.586072
929,091B10,-74.1343,4.585397
930,035A10,-74.1362,4.585857
931,049A10,-74.1374,4.588176
932,033A10,-74.1384,4.591314
933,031A10,-74.1378,4.594029
934,002C09,-74.1366,4.597184
935,083C09,-74.1348,4.599804
936,085C09,-74.1337,4.601526
937,087C09,-74.1311,4.605383
938,154C08,-74.1284,4.6105870000000015
939,002C08,-74.1274,4.613791
940,502C08,-74.1266,4.616395
941,156C08,-74.1255,4.619573
942,100C07,-74.1246,4.622705000000002
943,099C07,-74.1228,4.627363
944,091C07,-74.1218,4.629892
945,101C07,-74.1209,4.632043
946,094C07,-74.1194,4.6356
947,126C06,-74.1166,4.638631
948,127C06,-74.1136,4.641666000000002
949,068C06,-74.1118,4.643561
950,128C06,-74.1093,4.645946
951,130B06,-74.1064,4.649358
952,131C06,-74.1048,4.651361
953,116C05,-74.1013,4.655943
954,118C05,-74.0971,4.661311
955,437C05,-74.0955,4.663427
956,121C05,-74.0914,4.6686510000000006
957,122A05,-74.0888,4.672154
958,124C05,-74.0867,4.675834
959,015C04,-74.0854,4.6780339999999985
960,103C04,-74.0827,4.680767
961,001C04,-74.0809,4.682184
962,209C03,-74.0767,4.685535
963,210C03,-74.0749,4.686938
964,170C03,-74.071,4.68918
965,542A03,-74.0675,4.6910370000000015
966,174A02,,
967,268A02,-74.0646,4.6944230000000005
968,176A02,-74.0632,4.694637
969,059A02,-74.0626,4.695387
970,061A02,-74.0622,4.699694
971,140A02,-74.064,4.701097
972,142A02,-74.0657,4.701447
973,043A02,-74.0655,4.703317
974,041A02,-74.0644,4.708227
998,543A03,-74.0742,4.736979
1015,040A02,,
1016,143A02,-74.0666,4.701462
1017,141A02,-74.0635,4.700804
1018,060A02,-74.0625,4.6992660000000015
1019,058A02,-74.0627,4.696541000000002
1020,056A02,-74.0628,4.692293
1021,054A02,-74.0628,4.689646
1022,136B02,-74.0643,4.689009
1023,173B03,-74.0674,4.689780000000002
1024,001B03,-74.0707,4.689686
1025,174B03,-74.0736,4.688475
1026,175C03,-74.0753,4.687162
1027,176C03,-74.0782,4.6848410000000005
1028,105C04,-74.0798,4.683552
1029,104C04,-74.0821,4.6816330000000015
1030,102C04,-74.0842,4.68001
1031,125C05,-74.0867,4.676533
1032,123C05,-74.0888,4.673058
1033,120C05,-74.0914,4.669233
1034,119C05,-74.0959,4.663394
1035,210C05,-74.0971,4.662008
1036,117C05,-74.0991,4.65935
1037,115C05,-74.1018,4.655911
1038,132A06,-74.1052,4.65157
1039,065C06,-74.1064,4.649857
1040,129C06,-74.1092,4.64656
1041,190C06,-74.1111,4.644677
1042,002C06,-74.1141,4.641693
1043,001C06,-74.1172,4.638634
1044,095C07,-74.1191,4.636743
1045,072C07,-74.1204,4.634182
1046,096C07,-74.1213,4.6320169999999985
1047,097C07,-74.1231,4.627729
1048,098C07,-74.1248,4.623132
1049,001C08,-74.1258,4.6202
1050,501C08,-74.1268,4.616996
1051,155C08,-74.1275,4.614736
1052,162C08,-74.1286,4.611281
1053,088C09,-74.1299,4.607921
1054,114B09,-74.1313,4.605705
1055,510B09,-74.1326,4.603767
1056,086B09,-74.1333,4.602703
1057,084B09,-74.1353,4.5997949999999985
1058,001B09,-74.1364,4.598076
1059,302B10,-74.138,4.594002
1060,032B10,-74.1386,4.591332
1061,048B10,-74.1385,4.58906
1062,034B10,-74.1368,4.5857470000000005
1063,145A10,-74.1351,4.58281
1064,143A10,-74.1338,4.581506
1065,148A10,-74.1323,4.579907
1066,070A11,-74.1317,4.579259
1067,069B11,-74.1311,4.577731
1068,068B11,-74.1304,4.575918
1069,067B11,-74.1295,4.572712
1070,076A11,-74.13,4.570681
1071,079A11,-74.1334,4.569343
1072,082A11,-74.133,4.567377
1073,586A11,-74.131,4.565673
1074,081A11,-74.1297,4.564437
1075,352A11,-74.1266,4.5601949999999984
1076,361A11,-74.1253,4.558768
1077,363A11,-74.1236,4.557112999999998
1078,131A12,-74.1214,4.5575160000000015
1079,127A12,-74.1204,4.5553360000000005
1080,128A12,-74.1189,4.552748
1081,559A12,,
1082,249A12,-74.1136,4.548638
1083,251A12,-74.1116,4.548124
1084,267A12,-74.1094,4.548693
1085,438A12,-74.1085,4.550184
1086,293A12,-74.108,4.55179
1087,295A12,,
1088,542A12,-74.1069,4.556476
1479,007A02,-74.0711,4.711424
1552,379A12,-74.0997,4.501812
1554,383A12,-74.1,4.502234
1555,385A12,-74.1015,4.503918
1556,384A12,-74.1021,4.5048580000000005
1557,386A12,-74.1003,4.505366
1558,216A12,-74.0998,4.507731
1559,209A12,-74.1016,4.509428
1560,207A12,-74.1037,4.510045
1561,204A12,-74.1067,4.509142
1562,195A12,-74.1109,4.509393
1563,193A12,-74.1135,4.509592
1564,040A12,,
1565,038A12,,
1566,036A12,-74.1175,4.51836
1567,034A12,-74.1174,4.520352
1568,032A12,-74.118,4.523612
1569,030A12,-74.1194,4.526744
1570,010A12,-74.1189,4.531303
1571,008A12,,
1572,007A12,-74.12100000000002,4.547756
1573,006A12,-74.1213,4.55366
1574,005A12,-74.1222,4.558103
1587,374A11,-74.1297,4.579021
1588,153A10,,
1589,149A10,,
1590,287A10,,
1596,002B09,-74.1364,4.597438
1597,083B09,-74.1346,4.60012
1598,085B09,-74.1333,4.602133
1599,087B09,-74.1308,4.605782
1600,154B08,-74.1283,4.611011
1602,002B08,-74.1272,4.6143410000000005
1603,502B08,-74.1264,4.616812
1604,156B08,-74.1254,4.619929
1605,100B07,-74.1245,4.623074
1606,099B07,-74.1227,4.627785
1607,091B07,-74.1217,4.63022
1608,101B07,-74.1207,4.632669
1609,094B07,-74.1191,4.636305
1610,126B06,-74.1161,4.639085
1611,127B06,-74.1133,4.641963
1612,068B06,-74.1113,4.643984
1613,128B06,-74.1084,4.646946
1614,130D06,-74.1067,4.648962
1615,131B06,-74.1047,4.651557
1616,116B05,-74.101,4.656207
1617,118B05,-74.0969,4.661546
1618,437B05,-74.0952,4.66369
1619,121B05,-74.0912,4.668904
1620,122B05,-74.0895,4.671233
1621,124A05,-74.0863,4.6764519999999985
1622,015B04,-74.085,4.678696
1623,103B04,-74.0824,4.680939
1624,001B04,-74.0805,4.682461
1625,209B03,-74.0764,4.685829
1626,210B03,-74.0747,4.687131
1628,171C03,-74.0693,4.689447
1629,165C03,-74.0669,4.689221
1630,001C00,-74.0643,4.688607
1631,211C00,-74.0604,4.687437
1632,212A00,-74.0527,4.685814
1633,213C00,-74.0508,4.685437
1634,191A01,-74.0451,4.686433999999998
1635,016A01,-74.0425,4.687948
1636,192A01,-74.0405,4.689081
1637,193A01,-74.039,4.689927
1638,195A01,-74.0358,4.691838
1639,196A01,-74.0337,4.695484
1640,013A01,-74.0328,4.698685
1641,012A01,-74.0327,4.701404
1642,199A01,-74.0327,4.704067
1643,011A01,-74.0326,4.706995
1644,200A01,-74.0325,4.708923
1645,202A01,-74.0325,4.711698
1646,261A01,,
1647,047B01,-74.029,4.713496
1648,243B01,-74.0286,4.714943
1649,322A01,-74.0297,4.716567
1650,093A01,-74.0319,4.717526
1651,091A01,-74.0356,4.719037
1652,089A01,-74.0404,4.721051
1653,266A01,-74.0434,4.722304
1654,265A01,-74.0456,4.723219
1655,284A01,-74.0455,4.727458
1656,058A01,-74.0452,4.729158999999999
1657,285A01,-74.0447,4.732019
1658,286A01,-74.0442,4.734036
1659,059A01,-74.0456,4.737182
1660,228A02,,
1661,222A02,-74.0568,4.743901
1662,230A02,,
1663,261A02,,
1664,232A02,-74.0492,4.747074
1665,262A02,-74.0503,4.748596
1666,072A02,-74.0527,4.749046
1667,074A02,-74.0556,4.74937
1668,076A02,-74.0597,4.749843
1669,251A02,-74.0628,4.750361
1670,113A02,-74.0651,4.74664
1671,208A02,,
1672,210A02,,
1673,031A02,-74.0624,4.7357190000000005
1674,003A02,-74.0662,4.736204
1675,003B02,,
1677,110A02,-74.0652,4.740514
1678,052A02,-74.0649,4.742964
1679,315A02,-74.0627,4.746527
1680,309A02,-74.0621,4.7481290000000005
1681,090A02,-74.0592,4.749619
1682,075A02,-74.0555,4.749228
1683,073A02,-74.0518,4.748764
1684,071A02,-74.0479,4.747996
1685,364A02,-74.0475,4.746946
1686,301A02,-74.0481,4.743142
1687,317A01,-74.045,4.7366790000000005
1688,307A01,-74.0444,4.734264
1689,117A01,-74.0449,4.732174
1690,306A01,-74.0452,4.730914
1691,305A01,-74.0458,4.727229
1692,116A01,-74.0462,4.724605
1693,087A01,-74.0452,4.72295
1694,088A01,-74.0434,4.722167
1695,090A01,-74.0409,4.721148
1696,092A01,-74.038,4.71996
1697,094A01,-74.033,4.717872
1698,203A01,-74.0327,4.715244
1699,034A01,-74.0327,4.713863
1700,085A01,-74.0328,4.71146
1701,201A01,-74.0328,4.709812
1702,057A01,-74.0329,4.708007
1703,054A01,-74.033,4.704251
1704,198A01,-74.033,4.70147
1705,197A01,-74.0331,4.698206
1706,055A01,-74.0341,4.695389
1707,056A01,-74.0362,4.691952
1708,194A01,-74.0378,4.691032
1709,014A01,-74.0404,4.689531
1710,015A01,-74.0438,4.687653
1711,017A01,-74.0456,4.686643
1712,242A01,-74.0529,4.686293
1713,122A01,-74.0548,4.686592
1714,093B02,-74.0597,4.687724
1719,175B03,-74.0754,4.6870699999999985
1720,176B03,-74.0784,4.684712
1721,105B04,-74.08,4.683367
1722,104B04,-74.0824,4.681453
1723,102B04,-74.0847,4.679553
1724,125B05,-74.0868,4.676376
1725,123B05,-74.0891,4.672484
1726,120B05,-74.0916,4.668983
1727,119B05,-74.0961,4.663112
1728,210B05,-74.0976,4.661313
1729,117D05,-74.0987,4.659887
1730,115B05,-74.102,4.655646
1731,132B06,-74.105,4.651829
1732,065B06,-74.1066,4.649684
1733,129B06,-74.1096,4.646178
1734,190B06,-74.112,4.64369
1735,002B06,-74.1144,4.641407
1736,001B06,-74.1175,4.638326
1737,095B07,-74.1193,4.636517
1738,072B07,-74.1205,4.633918
1739,096B07,-74.1216,4.63124
1740,097B07,-74.1232,4.627506
1741,098B07,-74.1249,4.622699
1742,001B08,-74.1258,4.619936
1743,501B08,-74.1268,4.6167690000000015
1744,155B08,-74.1277,4.614074
1745,162B08,-74.1286,4.611116
1746,088B09,-74.1302,4.607405
1760,069A11,-74.131,4.577392
1761,068A11,-74.1302,4.575225
1762,067A11,-74.1294,4.572124
1763,076B11,,
1764,079B11,-74.1331,4.569505
1765,452A11,-74.1316,4.56735
1766,420A11,-74.1291,4.567022
1767,036A11,-74.1256,4.564381
1768,037A11,-74.1245,4.561243
1769,579A11,-74.1229,4.55851
1770,038A11,-74.1215,4.5560589999999985
1771,039A11,-74.1215,4.554646
1772,040A11,-74.1212,4.549366
1773,041A11,-74.12100000000002,4.54336
1774,009A12,-74.1203,4.533027
1775,011A12,-74.1215,4.5301269999999985
1776,029A12,-74.1196,4.526694
1777,031A12,-74.1182,4.523761
1778,033A12,-74.1175,4.5202019999999985
1779,035A12,-74.1176,4.518408
1780,037A12,-74.1163,4.51483
1781,039B12,,
1782,189A12,-74.1139,4.509525
1783,194A12,-74.1107,4.509293
1784,203A12,-74.1064,4.509112
1785,206A12,-74.104,4.510031
1786,208A12,-74.1019,4.509428
1787,215A12,-74.0999,4.508675
1788,214A12,-74.1003,4.505732
1789,378A12,-74.1019,4.505301
1790,377A12,-74.1013,4.503538
1939,095A01,-74.0297,4.716482
1940,245A01,-74.0294,4.712098
1941,249A01,-74.0286,4.70631
1942,161A01,-74.0419,4.682066000000002
1943,158A01,-74.0499,4.685775
2487,090A12,-74.1283,4.4683730000000015
2488,093A12,-74.1263,4.469735
2489,094A12,,
2490,097A12,,
2491,099A12,,
2492,552A12,-74.1218,4.478111
2493,101A12,,
2494,103A12,,
2495,105A12,,
2496,107A12,,
2497,109A12,,
2498,157A12,,
2499,063A12,,
2500,059A12,,
2501,042B12,,
2502,040B12,,
2505,197A12,,
2506,113A12,,
2507,117A12,,
2508,019A12,-74.123,4.521338
2509,094A11,-74.1261,4.525658
2510,092A11,-74.127,4.532465
2511,620A11,,
2512,117A11,-74.1335,4.540704
2513,099A11,-74.1366,4.546874
2514,008A11,-74.1366,4.552779
2515,006B11,-74.1372,4.554715
2516,005B11,-74.1386,4.558683
2517,002B11,-74.1387,4.561684
2518,119B11,-74.1389,4.5716790000000005
2519,505B11,-74.1399,4.575474
2520,116B11,-74.1409,4.577566
2521,093B10,-74.1421,4.580343
2522,075B10,-74.1432,4.58455
2523,087B10,-74.1443,4.587368
2524,088B10,-74.145,4.591382
2525,092B09,-74.1448,4.597991
2526,112B09,-74.1435,4.6016580000000005
2527,091B09,-74.1422,4.60536
2528,111B09,-74.141,4.609115
2529,089B09,-74.1405,4.612988
2530,117A08,-74.1419,4.6201360000000005
2531,585A08,-74.1433,4.621435
2532,122A08,-74.1452,4.623119
2533,119A08,-74.1474,4.625197
2534,120A08,-74.1495,4.627134
2535,430A08,-74.1534,4.6306
2536,555A08,-74.1553,4.633375
2537,004A08,-74.1542,4.634914
2538,046A07,-74.1545,4.637711
2539,636A08,-74.158,4.639243
2540,030A08,-74.1594,4.638102
2541,210A08,-74.1612,4.636401
2542,029A08,-74.1625,4.635138
2543,611A08,-74.1643,4.63647
2544,058A08,-74.1656,4.638137
2545,397A08,-74.1685,4.639895
2546,391A08,-74.1715,4.638211
2547,389A08,-74.173,4.639643
2548,400A08,-74.1745,4.6421480000000015
2549,371A08,-74.1762,4.643519
2550,370A08,-74.1778,4.645178
2551,376A08,-74.1785,4.646505
2552,378A08,-74.1775,4.647044
2555,373A08,-74.1763,4.64507
2556,399A08,-74.17399999999998,4.6411120000000015
2557,388A08,-74.1727,4.638782
2558,390A08,-74.1717,4.637929
2559,398A08,-74.1678,4.640259
2560,068A08,-74.1673,4.640168
2561,059A08,-74.165,4.637086
2562,066A08,-74.1634,4.634974
2563,028A08,-74.1621,4.635093
2564,160A08,-74.1585,4.638419
2565,052B08,,
2566,003A08,-74.1541,4.635261
2567,115A08,-74.1555,4.6334610000000005
2568,429A08,-74.1535,4.630447
2569,121A08,-74.1504,4.627694
2570,118A08,-74.1489,4.626345
2571,549A08,-74.1461,4.623754
2572,123A08,-74.145,4.622751999999998
2573,584A08,-74.1435,4.621317
2574,104C09,-74.1442,4.618892
2575,519A09,-74.1416,4.6184650000000005
2576,015A09,-74.1404,4.61608
2577,062A09,-74.141,4.612774
2578,016A09,-74.142,4.6069239999999985
2579,017A09,-74.1436,4.602778
2580,028A09,-74.145,4.59884
2581,050A10,-74.1455,4.592053
2582,001A10,-74.1455,4.589934
2583,003A10,-74.1444,4.586348
2584,353A10,-74.1435,4.5840830000000015
2585,026A10,-74.1428,4.580793
2586,001A11,-74.1413,4.577435
2587,120A11,-74.1399,4.573588
2588,418A11,-74.1395,4.5720480000000014
2589,003A11,-74.1391,4.562056
2590,004A11,-74.1391,4.558724
2591,007A11,-74.1377,4.5546989999999985
2592,009A11,-74.137,4.552597
2593,048A11,-74.1372,4.548088
2594,557A11,-74.137,4.546467
2595,010A11,-74.1338,4.540422
2596,619A11,,
2597,091A11,-74.1275,4.53227
2598,093A11,-74.1266,4.525888
2600,118A12,,
2601,112A12,,
2602,196A12,-74.1176,4.516911
2604,039A12,,
2605,041A12,-74.1143,4.509233999999998
2606,058A12,,
2607,060A12,,
2608,062A12,,
2609,111A12,,
2610,108A12,,
2611,106A12,,
2612,104A12,,
2613,102A12,,
2614,100A12,,
2615,551A12,-74.1221,4.477765
2616,098A12,,
2617,510A12,-74.1233,4.474069
2618,095A12,,
2619,092A12,,
4831,591A03,-74.079,4.7490510000000015
4833,589A03,-74.0779,4.750573
4834,484A03,-74.0802,4.749599
4835,487A03,-74.0817,4.74789
4836,466A03,-74.0829,4.744738
4837,577A03,-74.0833,4.742202
4838,529B03,,
4839,592A03,-74.0853,4.739771
4840,548A03,-74.0885,4.740634
4841,197A03,-74.0907,4.742463
4842,488A08,,
4843,506A03,-74.0909,4.746421
4844,396A03,-74.0871,4.744854
4845,529A03,-74.0848,4.7423160000000015
4846,462A03,-74.0833,4.741596
4847,576A03,-74.0826,4.745430000000002
4848,488A03,-74.0817,4.747831
4849,483A03,-74.0802,4.749344000000002
4850,588A03,-74.0781,4.750424
5879,106B07,-74.1324,4.643519
5880,331B07,-74.1298,4.6456800000000005
5881,056B07,-74.125,4.645226999999998
5882,194B06,-74.125,4.650386
5883,136B06,-74.1223,4.653585
5884,134B06,-74.1173,4.659589
5888,003B03,-74.0808,4.708812
5889,587B03,-74.0815,4.707342
5890,200B03,-74.0817,4.7008220000000005
5891,083B03,-74.0834,4.697177
5892,106B04,-74.086,4.696502
5893,107B04,-74.0911,4.694024
5894,108B04,-74.093,4.690398
5895,109B04,-74.0949,4.687684
5896,032B05,-74.0969,4.684776
5897,007B05,-74.0989,4.68196
5898,127B05,-74.1012,4.679016000000002
5899,026B05,-74.1031,4.676343
5900,129B05,-74.1063,4.6721080000000015
5901,444B05,-74.1095,4.668805
5902,008B05,-74.1117,4.666618
6628,094A02,-74.0681,4.730481
6629,109A02,-74.0669,4.733339
6636,348A02,-74.0598,4.73765
6637,086A02,-74.0498,4.734664
6638,318A02,-74.0499,4.732205
6653,211A02,-74.0628,4.7367050000000015
16763,288A01,-74.0491,4.7041010000000005
16764,213A00,-74.0502,4.685355
16775,624A00,,
16776,041A00,-74.0488,4.662774
16777,039A00,-74.0445,4.669698
16778,343A00,-74.0419,4.674
17538,306A02,-74.0714,4.746242
17539,304A02,-74.0685,4.748325
17540,240A02,-74.0663,4.750942
17542,340A02,-74.063,4.741418
17543,342A02,-74.0601,4.74033
17544,341A02,-74.0564,4.739418
17545,009A02,-74.0536,4.738636
17546,008A02,-74.0511,4.7380879999999985
17553,304A01,-74.0467,4.7211940000000014
17554,303A01,-74.0471,4.718552
17555,616A01,-74.0477,4.71518
17556,302A01,-74.0481,4.712328
17557,671A01,,
17558,031A01,-74.0487,4.707342
17560,289A01,-74.0497,4.700692
17561,290A01,-74.0502,4.697474
17562,291A01,-74.0508,4.694192
17563,292A01,-74.0512,4.69172
17564,293A01,-74.0518,4.688
17567,093C02,-74.0594,4.687624
17568,136C02,-74.0637,4.688838
17569,173C03,-74.0667,4.689652
17570,001C03,-74.0705,4.689732
17571,174C03,-74.0729,4.688891
17574,105A04,-74.0802,4.683171
17575,104A04,-74.083,4.680931
17576,102A04,-74.0849,4.679361
17577,125A05,-74.0872,4.675582
17578,123A05,-74.0892,4.6722769999999985
17580,119A05,-74.0963,4.662864
17581,210A05,-74.0973,4.661728
17582,117A05,-74.09899999999998,4.659522
17583,115A05,-74.1023,4.655364
17585,065A06,-74.1067,4.64946
17586,129A06,-74.1097,4.646
17587,190A06,-74.1124,4.643343
17588,002A06,-74.1147,4.64112
17589,001A06,-74.1177,4.638109
17590,022A06,-74.1209,4.639444
17591,021A06,-74.1239,4.644433
17592,110A06,-74.1248,4.647037
17593,055A07,-74.1281,4.648306
17594,344A07,,
17595,093A07,-74.133,4.643927
17596,201A07,-74.135,4.64268
17597,378A07,-74.1364,4.643611
17598,197A07,-74.1384,4.6449620000000005
17599,193A07,-74.1403,4.644781
17600,191A07,-74.1403,4.641605
17601,086A07,-74.1404,4.640934
17602,085A07,-74.1414,4.638914
17603,377A07,-74.1424,4.637188
17604,077A07,-74.1437,4.635754
17605,078A07,-74.1478,4.6330860000000005
17606,197A08,-74.1494,4.628527
17607,189A08,-74.1514,4.626371
17608,191A08,-74.1542,4.623234
17609,149A08,-74.1569,4.624147
17610,126A08,-74.1581,4.622846
17611,129A08,-74.1607,4.620336
17612,131A08,-74.1635,4.61866
17613,133A08,-74.1668,4.616695
17614,341A08,-74.1681,4.617604
17615,177A08,-74.1701,4.617972
17616,175A08,-74.1723,4.616353
17617,312A08,-74.1738,4.615699
17618,311A08,-74.1747,4.616853
17619,324A08,-74.1756,4.618529
17620,325A08,-74.1769,4.620287
17621,326A08,-74.1779,4.621702
17622,328A08,-74.1774,4.622879
17623,330A08,-74.1797,4.625294
17624,334A08,-74.1808,4.626602
17625,526A08,-74.1839,4.625679
17626,284A08,-74.186,4.627771
17627,102A08,-74.189,4.627032
17628,104A08,-74.191,4.626245
17629,250A08,-74.192,4.62757
17630,251A08,-74.1924,4.629048
17631,281A09,-74.1947,4.628924
17632,277A09,-74.1957,4.62903
17633,275A09,-74.1968,4.630853
17634,288A08,-74.1986,4.634279
17635,287A08,-74.1997,4.634915
17636,237A08,-74.2009,4.634289
17637,224A08,-74.2026,4.632322
17638,671A08,,
17639,643A08,-74.206,4.6300089999999985
17640,534A09,-74.2057,4.629812
17641,534B09,-74.205,4.630163
17642,253B09,-74.2039,4.631426
17643,223A08,-74.2022,4.632421
17644,236A08,-74.2007,4.634311
17645,286A08,-74.1998,4.634767
17646,285A08,-74.1984,4.633634
17647,274B09,,
17648,276B09,,
17649,279A09,-74.1947,4.628818
17650,031B09,,
17651,493A09,-74.1925,4.628995
17652,280A09,-74.1921,4.627582
17653,105A08,-74.1911,4.626143
17654,103A08,-74.1892,4.626849
17655,101A08,-74.1869,4.627827
17656,283A08,-74.1859,4.6275330000000015
17657,524A08,-74.1838,4.625558
17658,333A08,-74.1809,4.6265410000000005
17659,329A08,-74.1797,4.62513
17660,020A08,-74.1756,4.62627
17661,022A08,-74.1721,4.62769
17662,354A08,-74.1701,4.627174
17663,033A08,-74.1691,4.625081
17664,164A08,-74.1669,4.622261
17665,163A08,-74.1649,4.618921
17666,130A08,-74.1646,4.617891
17667,128A08,-74.1615,4.619693
17668,127A08,-74.1588,4.621907
17669,150A08,-74.1567,4.624149
17670,564A08,-74.1557,4.62371
17671,106A08,-74.1538,4.6233
17672,195A08,-74.152,4.6253769999999985
17673,190A08,-74.1512,4.626228
17674,196A08,-74.1493,4.628307
17675,058A07,-74.1442,4.631476
17676,079A07,-74.1468,4.633483
17677,084A07,-74.1438,4.63548
17678,076A07,-74.1419,4.637665
17679,075A07,-74.1404,4.640669
17680,074A07,-74.1368,4.639842
17681,106A07,-74.1318,4.644233
17682,331A07,-74.1304,4.645673
17683,073A07,-74.1246,4.64599
17684,041A07,-74.1239,4.642659
17685,020A07,-74.123,4.640532
17686,340A07,-74.12100000000002,4.638857
17687,235A06,-74.1137,4.635717
17688,263A06,-74.1145,4.6388120000000015
17689,127D06,-74.1139,4.6414040000000005
17690,068D06,-74.1121,4.643144
17691,128D06,-74.1099,4.6453940000000005
17699,124B05,-74.0865,4.676153
17705,170B03,-74.0709,4.689222
17706,171B03,-74.069,4.68945
17707,165B03,-74.0664,4.6891050000000005
17708,001B00,-74.0641,4.688532
17709,211B00,-74.0601,4.687337
17710,212B00,-74.0531,4.685864
17711,292A00,-74.0524,4.684449
17712,293A00,-74.0521,4.684599
17713,315A01,-74.0518,4.686767
17714,314A01,-74.0509,4.691731
17715,313A01,-74.0505,4.694435
17716,312A01,-74.0501,4.696976
17717,311A01,-74.0494,4.700824
17718,310A01,-74.0489,4.704054
17719,032A01,-74.0483,4.7076720000000005
17720,672A01,,
17721,030A01,-74.0475,4.713825
17722,029A01,-74.047,4.716899
17723,282A01,-74.0466,4.719904
17724,283A01,-74.0463,4.722292
17732,241A02,-74.0659,4.750991
17733,303A02,-74.0686,4.748107
17734,305A02,-74.0715,4.746124
17930,312A02,-74.0493,4.73596
17931,085A02,-74.0515,4.735163
17932,219A02,-74.053,4.735419
17933,216A02,-74.056,4.735778
17934,343A02,-74.0584,4.735998
17935,010A02,-74.0598,4.737096
17936,212A02,-74.0607,4.738682
17937,344A02,-74.0637,4.739283
17940,112A02,-74.0647,4.7466089999999985
17941,183A02,-74.0638,4.749349
18763,212A12,-74.0997,4.4879120000000015
18765,171A12,-74.1016,4.487485
18766,169A12,-74.1028,4.488607
18767,375A12,-74.1039,4.488869
18768,166A12,,
18769,173A12,,
18770,181A12,,
18771,183A12,,
18772,177A12,,
18773,052A12,-74.1068,4.4991010000000005
18774,421A12,-74.1061,4.500594
18775,050A12,-74.1043,4.504288
18776,056A12,-74.1058,4.506709
18777,026A12,,
18778,024A12,,
18779,042A12,,
18786,528A12,,
18787,121A12,,
18795,023A12,-74.1121,4.506511
18796,025A12,-74.1093,4.5065089999999985
18797,057A12,-74.1066,4.506493
18798,051A12,-74.1045,4.504297
18799,049A12,-74.1062,4.500934
18801,176A12,-74.1064,4.497439
18802,182A12,-74.1041,4.497033
18803,180A12,-74.1038,4.4946660000000005
18804,172A12,-74.1045,4.4923199999999985
18805,165A12,-74.1044,4.490175
18806,430A12,-74.1039,4.488653
18807,168A12,-74.1025,4.488608
25419,350A02,-74.0733,4.759625
25421,017A02,-74.068,4.761849
25422,015A02,-74.0665,4.760789
25423,001A02,-74.0663,4.7598660000000015
25424,162A02,-74.066,4.756574
25425,243A02,,
25426,238A02,,
25428,288A02,-74.0628,4.750245
25429,246A02,-74.0605,4.751778
25430,163B02,,
25431,167B02,,
25432,098B02,,
25433,028A01,-74.044,4.750562
25434,220A01,-74.0419,4.750033
25435,223A01,-74.0388,4.749262
25436,026A01,-74.0348,4.748519
25437,224A01,-74.0325,4.748143
25438,128A01,-74.0318,4.747215
25439,127A01,-74.0319,4.743688
25440,124A01,-74.032,4.740059
25441,571A01,-74.032,4.738766
25442,006A01,-74.0322,4.734556
25443,008A01,-74.0323,4.730359
25444,208A01,-74.0324,4.727313
25445,010A01,-74.0324,4.723573
25446,206A01,-74.0325,4.7220309999999985
25447,051A01,-74.0325,4.720443
25448,052A01,-74.0326,4.718203
25455,621A01,-74.0344,4.700658
25456,622A01,-74.0356,4.698162
25457,623A01,-74.0375,4.694325
25458,666A01,-74.0385,4.692408
25459,665A01,-74.0413,4.68701
25460,664A01,-74.0424,4.684777
25472,320A00,-74.0579,4.656442
25473,049A00,-74.0547,4.6559370000000015
25474,368A00,-74.0538,4.657249
25475,366A00,-74.0523,4.65912
25477,040A00,-74.046,4.666544
25481,662A01,-74.0418,4.685536
25491,084A01,-74.0324,4.713792
25492,204A01,-74.0324,4.715942
25493,053A01,-74.0323,4.718414
25494,205A01,-74.0322,4.720146
25495,114A01,-74.0321,4.723512
25496,207A01,-74.0321,4.724436
25497,115A01,-74.0321,4.727102
25498,009A01,-74.032,4.730518
25499,007A01,-74.0318,4.7347480000000015
25500,573A01,-74.0317,4.73752
25501,125A01,-74.0317,4.741325
25502,126A01,-74.0316,4.744002
25503,129A01,-74.0315,4.747351
25504,025A01,-74.0324,4.748458
25505,646A01,-74.03699999999998,4.749201
25506,222A01,-74.039,4.749665
25507,221A01,-74.0407,4.750076
25508,027A01,-74.0435,4.750764
25509,105A02,-74.051,4.752843
25510,164A02,-74.0542,4.753476999999998
25511,011A02,-74.0569,4.754028
25512,245A02,-74.0603,4.7524440000000014
25514,159A02,-74.065,4.752057
25515,161A02,-74.0655,4.756183
25516,002A02,-74.066,4.759618
25517,016A02,-74.0693,4.762873
25536,319A01,-74.0299,4.747738
25539,176A01,-74.0306,4.702896
27621,586A03,-74.0953,4.747902
27623,190A03,-74.0943,4.749925
27624,105A03,-74.0936,4.751175
27625,013A03,-74.0927,4.752891
27626,019A03,-74.0897,4.753343
27627,426A03,-74.0878,4.752388
27628,108A03,-74.086,4.751462
27629,429A03,-74.0858,4.750508
27630,395A03,-74.0865,4.748903
27631,482A03,-74.0848,4.747753
27632,038A03,-74.0832,4.749007
27633,036A03,-74.0809,4.753438
27634,034A03,-74.0802,4.7546300000000015
27635,032A03,-74.0792,4.756803
27639,014A02,-74.0617,4.757157
27640,012A02,-74.059,4.754955000000002
27641,163A02,-74.0564,4.753453
27642,167A02,-74.0536,4.7529629999999985
27644,144A01,-74.0455,4.754564
27649,029A02,-74.0583,4.754884
27650,013A02,-74.0613,4.757331
27651,165A02,-74.064,4.759348
27652,366A02,,
27654,031A03,-74.0793,4.756913
27655,033A03,-74.0804,4.754521
27656,035A03,-74.0814,4.752583
27657,037A03,-74.0827,4.750214
27658,039A03,-74.0842,4.747046
27659,643A03,,
27660,644A03,,
27661,645A03,,
27663,547A03,-74.0949,4.745712
31909,160A02,-74.0654,4.752008
31911,310A02,-74.0628,4.738915
31912,213A02,-74.0606,4.738512999999998
31913,300A02,-74.0595,4.739102
31914,298A02,-74.0586,4.741453
31916,224A02,-74.0569,4.7467169999999985
31917,248A02,-74.0564,4.749014
31921,420A01,-74.044,4.7496540000000005
31922,370A01,-74.0446,4.746239
31923,369A01,-74.0455,4.7422879999999985
31924,077A01,-74.0433,4.740739
31925,073A01,-74.0403,4.740022
31926,079A01,-74.0361,4.739179
31927,080A01,-74.0324,4.738208
31928,071A01,-74.0302,4.737674
31929,074A01,-74.0275,4.736966000000002
31930,081A01,-74.0252,4.736378
31931,233A01,-74.0244,4.734546
31932,235A01,-74.0241,4.732402
31933,045A01,-74.0245,4.728308
31934,070A01,-74.0252,4.725077
31935,238A01,-74.0262,4.723198
31936,240A01,-74.0277,4.719085
31937,264A01,-74.0288,4.715466
31938,244A01,-74.0293,4.713385
31940,247A01,-74.0287,4.708783
31942,251A01,-74.0288,4.703585
31943,174A01,-74.0288,4.700458
31944,173A01,-74.0304,4.698194
31945,123A01,-74.0317,4.6966160000000015
31946,170A01,-74.0328,4.694858999999999
31947,168A01,-74.0339,4.691941
31948,167A01,-74.035,4.688953
31949,157A01,-74.0354,4.686273
31950,165A01,-74.0363,4.684125
31951,164A01,-74.0372,4.681921
31952,162A01,-74.0395,4.680833
31954,160A01,-74.0441,4.683239
31955,001A01,-74.0459,4.68409
31956,622A00,-74.0508,4.683565
31957,290A00,-74.0569,4.680145
31958,123A00,-74.061,4.6779480000000015
31959,770A00,-74.0651,4.675527
31960,080A04,-74.0709,4.67101
31961,079A04,-74.0737,4.667695
31962,431A04,-74.0755,4.665613
31963,454A05,-74.0774,4.661105
31964,103A05,-74.078,4.658333
31965,455A05,-74.0783,4.655105000000002
31966,112A05,-74.0786,4.652113
31967,456A05,-74.0788,4.649219
31968,102A05,-74.0791,4.6448550000000015
31969,114A05,-74.0793,4.642035
31970,113A05,-74.0795,4.638439
31971,101A05,-74.0797,4.634799
31972,076A05,-74.0802,4.629848
31973,401A06,-74.0827,4.6256059999999986
31974,089A07,-74.0836,4.624573000000002
31975,090A07,-74.0852,4.622455
31976,069A07,-74.0891,4.617776
31977,258A00,-74.0868,4.6167669999999985
31978,890A00,,
31979,245D00,-74.0685,4.603457
31980,244B00,-74.0719,4.605691
31981,249B00,-74.0746,4.6075870000000005
31982,251B00,-74.0773,4.609595
31983,254B00,-74.0794,4.6110440000000015
31984,891A00,,
31985,007B00,-74.0822,4.613305
31986,256B00,-74.0848,4.615586
31987,067B00,-74.0861,4.616622
31988,209A00,-74.085,4.622077
31989,175A00,-74.0831,4.624177
31990,694A00,-74.0821,4.625379
31991,695A00,-74.0799,4.629119
31992,125A00,-74.0795,4.631551
31993,176A00,-74.0791,4.6358440000000005
31994,210A00,-74.0789,4.638478
31995,776A00,-74.0787,4.641438
31996,208A00,-74.0786,4.643664
31997,775A00,-74.0783,4.648053
31998,181A00,-74.0779,4.651552
31999,774A00,-74.0777,4.654618
32000,177A00,-74.0773,4.657731
32001,773A00,-74.0765,4.660684
32002,772A00,-74.0753,4.664917
32003,178A00,-74.0733,4.667393
32004,179A00,-74.0705,4.670601
32005,771A00,-74.0646,4.675232
32006,124A00,-74.0589,4.678342
32007,289A00,-74.0553,4.680493
32008,291A00,-74.0536,4.681483999999998
32009,799A00,-74.0506,4.68325
32032,272A01,-74.0308,4.740328
32033,273A01,-74.0336,4.741041
32034,601A01,-74.0363,4.741753
32035,103A01,-74.0385,4.742393
32036,104A01,-74.0425,4.74332
32037,380A01,-74.0436,4.7445309999999985
32038,378A01,-74.0438,4.745255
32039,384A01,-74.0433,4.74791
32040,422A01,-74.0431,4.749347
32043,247A02,-74.0565,4.749112
32044,223A02,-74.0569,4.746925
32045,221A02,-74.0569,4.74406
32046,299A02,-74.058,4.741433
32047,347A02,-74.0595,4.740654
36007,367A02,,
36009,271A02,-74.0478,4.800202
36010,270A02,-74.0482,4.800081
36011,266A02,-74.0435,4.799021
36012,372A02,,
36013,166A02,-74.0392,4.796894
36014,099A02,-74.0401,4.791159
36015,103A02,-74.0414,4.78371
36016,101A02,-74.0426,4.776809
36017,102B02,,
36018,338B02,,
36019,089B02,,
36020,088A02,-74.0459,4.757825
36021,087A02,-74.0463,4.755493
36069,132C06,-74.1049,4.651928
36078,020A06,-74.1304,4.653608
36079,019A06,-74.1344,4.657896
36080,342B07,-74.1382,4.657228
36081,129B07,-74.142,4.654103
36082,349B07,-74.1438,4.6523970000000014
36083,127B07,-74.1463,4.650047
36084,125B07,-74.1491,4.647311
36085,122B07,-74.154,4.642816000000002
36086,636B08,-74.1575,4.6396370000000005
36087,030B08,-74.1592,4.638209
36088,210B08,-74.1609,4.6366580000000015
36089,029B08,-74.1623,4.635292
36092,063A08,,
36093,436A08,-74.1656,4.641671
36094,416A08,-74.1673,4.643801
36095,413A08,-74.1687,4.645122
36096,308A08,-74.1686,4.646393
36097,422A08,-74.1682,4.648605
36098,421A08,-74.1697,4.650281
36099,603A08,-74.1711,4.651602
36101,303A08,-74.1697,4.649941
36102,529A08,-74.1685,4.6487050000000005
36103,420A08,-74.1689,4.646335
36104,412A08,-74.1688,4.6451080000000005
36105,411A08,-74.1672,4.643538
36106,435A08,-74.1662,4.64221
36107,061A08,-74.1661,4.640448
36110,028B08,-74.1623,4.634893
36111,160B08,-74.1587,4.638244
36112,356B07,-74.1546,4.641967
36113,123B07,-74.1521,4.64418
36114,124B07,-74.1486,4.647394
36115,040A07,-74.1465,4.649534
36116,126B07,-74.1437,4.652205
36117,364A07,-74.1409,4.654703
36118,343B07,-74.1384,4.656754
36119,057A07,-74.1349,4.658042
36120,019A07,-74.1306,4.653386
36121,355A07,-74.1284,4.651114
36150,213B00,-74.0503,4.685388
36184,145A01,-74.0452,4.756444
36185,146A01,-74.0438,4.764239
36186,274A01,-74.0426,4.771816
36187,275A01,-74.0418,4.777311
36188,276A01,-74.0407,4.783601999999999
36189,569A01,-74.0376,4.8018730000000005
36190,331A01,-74.0368,4.806474
36191,178A02,-74.0371,4.809839
36192,104A02,-74.0377,4.806506
36193,346A02,-74.0385,4.801385
36194,166B02,-74.0391,4.79766
36195,371A02,,
36196,267A02,-74.0439,4.7993260000000015
38252,052A08,-74.1555,4.638358
38253,051A08,-74.1527,4.63432
38262,056A07,-74.1259,4.64932
38263,194A06,-74.1245,4.651082
38264,136A06,-74.1218,4.654177
38265,134A06,-74.1175,4.659294
38266,008A06,-74.1154,4.661664
38267,031A05,-74.1112,4.666457
38268,130A05,-74.1072,4.670585
38269,027A05,-74.1032,4.675477
38270,128A05,-74.1013,4.678124
38271,131A05,-74.0988,4.6813980000000015
38272,033A05,-74.0966,4.684471
38273,126A05,-74.0949,4.686945
38274,002A04,-74.0926,4.690326
38275,062A04,-74.0905,4.694164
38276,211A03,-74.0865,4.695947
38277,084A03,-74.0821,4.697874
38278,201A03,-74.0809,4.702337
38279,014A03,-74.0817,4.705756
38280,004A03,-74.0803,4.709207
38281,188A03,-74.0781,4.7099410000000015
38282,186A03,-74.0756,4.710323000000002
38283,184A03,-74.0733,4.7106650000000005
38284,077A02,-74.0709,4.710957
38294,019A02,-74.0674,4.724702
38295,020A02,-74.0702,4.7258010000000015
38296,107A02,-74.0688,4.728945
38310,098A02,-74.0501,4.752178
38335,089A02,-74.0447,4.76441
38338,105B02,,
38339,164B02,,
38348,051A02,-74.0652,4.743825
38349,111A02,-74.0657,4.740507
38350,331A02,-74.0663,4.737446
38351,004A02,-74.0671,4.734139
38352,108A02,-74.0692,4.729069
38353,171A02,-74.0696,4.7253690000000015
38354,114A02,-74.0674,4.724519
38361,183A03,-74.0735,4.710927
38362,185A03,-74.0765,4.710477
38363,187A03,-74.079,4.710089
38379,007B06,-74.1156,4.6622010000000005
38380,133B06,-74.118,4.659415
38381,196B06,-74.1217,4.655172
38382,135B06,-74.1252,4.651253
38383,055B07,-74.1285,4.648048
38384,344B07,-74.1312,4.645924
38385,093B07,-74.1328,4.644177
38386,107B07,-74.1354,4.6404760000000005
38387,068B07,-74.1366,4.637967
38388,054A07,-74.1379,4.637107
38389,048A07,-74.1393,4.637521
38393,045A07,-74.1525,4.635192
38927,338A02,-74.0437,4.770067
38945,022A02,-74.0709,4.726614
38946,005A02,-74.0732,4.723893
38947,198A03,-74.0755,4.718587
38948,015A03,-74.0765,4.715361
38949,166A03,-74.0791,4.711567
38974,102B07,-74.1377,4.63282
38975,581B08,-74.1382,4.627629
38976,157B08,-74.1386,4.624065
38977,185B08,-74.1425,4.619374
38978,184B08,-74.1454,4.618875
38979,183B08,-74.1491,4.617889
38980,182B08,-74.1534,4.617108
38981,181B08,-74.1564,4.616575
38982,638B08,-74.1589,4.616144
38983,180B08,-74.1615,4.615655
38984,169B08,-74.165,4.614506
38985,161B08,-74.1695,4.613861
38986,313A08,-74.1718,4.614743
39002,277B09,,
39003,275B09,,
39030,332A08,-74.1768,4.623802
39031,350A08,-74.1744,4.62639
39032,351A08,-74.1727,4.626299
39033,239A08,-74.1727,4.6222900000000005
39034,633A08,,
39035,307A08,-74.1754,4.616859
39036,306A08,-74.176,4.615883
39037,337A09,-74.1749,4.6146970000000005
39038,027B09,-74.1741,4.613804
39039,029B09,-74.1706,4.613398
39040,026B09,-74.1666,4.6139730000000005
39041,107B09,-74.1637,4.61462
39042,621B09,-74.1614,4.615384
39043,108B09,-74.1592,4.6158199999999985
39044,106B09,-74.1561,4.616355
39045,103B09,-74.1537,4.616795
39046,105B09,-74.1506,4.617307
39047,627B09,-74.1466,4.618244
39048,104B09,-74.1437,4.6190419999999985
39049,014A09,-74.1389,4.619681
39050,205A08,-74.138,4.625225
39051,580A08,-74.1376,4.62926
39052,103A07,-74.1372,4.6333410000000015
39053,104A07,-74.1367,4.636476999999998
39054,105A07,-74.1357,4.638848
39076,002A03,-74.0789,4.711233999999998
39077,016A03,-74.0768,4.714559
39078,199A03,-74.0753,4.718346
39079,106A02,-74.0731,4.723382
39080,021A02,-74.0718,4.724971
39095,144B01,-74.0456,4.754016
39378,070A07,-74.0948,4.6108410000000015
39379,352A07,-74.0963,4.609046
39380,071A07,-74.0996,4.604748000000002
39381,586A08,-74.1019,4.602607
39382,110A08,-74.1036,4.601178
39383,587B08,-74.1063,4.5991849999999985
39384,038A10,-74.1103,4.596156
39385,025A10,-74.1119,4.595014
39386,371A10,-74.1137,4.593727
39387,022A10,-74.1173,4.591114
39388,319A10,-74.1203,4.589435
39389,322A10,-74.1232,4.585915
39390,289A10,-74.1241,4.583461
39391,354A10,-74.1246,4.581999
39392,020A10,-74.1271,4.578978
39393,419A11,-74.1286,4.578487
39394,122A11,-74.1301,4.5770940000000016
39395,025A11,-74.1341,4.575424
39396,027A11,-74.1376,4.574043
39397,418B11,-74.1394,4.571696
39398,003B11,-74.1391,4.562312
39399,004B11,-74.1392,4.558913
39400,007B11,-74.138,4.555548
39401,331A11,-74.1385,4.5545480000000005
39402,327A11,-74.1406,4.5537730000000005
39403,302A11,-74.1428,4.552938
39404,590A11,,
39405,277A11,-74.1449,4.551936
39406,271A11,-74.1474,4.550145
39407,268A11,-74.1479,4.5478510000000005
39408,265A11,-74.1493,4.5469300000000015
39409,149A11,-74.15100000000002,4.545183
39410,594A11,,
39411,148A11,-74.1529,4.545848
39412,595A11,,
39413,146A11,-74.1546,4.547871
39414,141A11,-74.1559,4.545767
39415,576A11,-74.1555,4.543975
39416,135A11,-74.1557,4.541705
39417,133A11,-74.1557,4.53906
39418,134A11,-74.1556,4.539189
39420,136A11,-74.1556,4.541982
39421,575A11,-74.1553,4.54369
39422,142A11,-74.1559,4.545952
39423,145A11,-74.1548,4.547978
39424,147A11,-74.1536,4.54615
39425,573A11,-74.1521,4.545694
39426,150A11,-74.1511,4.5451
39427,264A11,-74.1491,4.5468480000000016
39428,269A11,-74.1478,4.54777
39429,272A11,-74.1474,4.550087
39430,276A11,-74.1452,4.55141
39431,591A11,,
39432,301A11,-74.1426,4.552832
39433,328A11,-74.1407,4.5537160000000005
39434,330A11,-74.139,4.554281
39436,006A11,-74.1374,4.55504
39437,005A11,-74.1387,4.5589010000000005
39438,002A11,-74.1385,4.5627830000000005
39439,119A11,-74.139,4.571913
39440,028A11,-74.1374,4.57388
39441,026A11,-74.1335,4.575446
39442,121A11,-74.13,4.5769199999999985
39444,024A11,-74.1241,4.579646
39445,023A11,-74.1214,4.5805940000000005
39446,022A11,-74.1196,4.581231
39447,165A10,,
39448,164A10,-74.1199,4.583507
39449,403A10,,
39450,070A10,-74.1204,4.587986
39451,023A10,-74.117,4.591081
39452,024A10,-74.1133,4.59376
39453,039A10,-74.1103,4.595839
39454,346A00,-74.1064,4.598573
39455,128A00,-74.1039,4.600393
39456,692A00,-74.1015,4.602278
39457,127A00,-74.0994,4.6044160000000005
39458,180A00,-74.095,4.609908
39459,693A00,-74.0934,4.611875
39460,126A00,-74.0885,4.617761
60033,421A06,-74.0808,4.626435
60034,791A00,-74.0772,4.621452
60035,792A00,-74.0762,4.619898
60036,793A00,-74.0742,4.61709
60037,664A00,-74.0672,4.605107
60857,043A10,-74.1566,4.596106
60858,379A10,-74.1543,4.596198
60859,044A10,-74.1488,4.595095
60860,380A10,-74.145,4.595062
60861,045A10,-74.1414,4.595342
60862,046A10,-74.1347,4.594133
60863,252A01,-74.0285,4.703404
60864,250A01,-74.0283,4.705929
60865,248A01,-74.0284,4.709548000000002
60866,246A01,-74.0288,4.711165
60867,047A01,-74.0289,4.71382
60868,243A01,-74.0286,4.715808999999999
60869,241A01,-74.0269,4.720136
60870,239A01,-74.02600000000002,4.721992
60871,237A01,-74.025,4.7247309999999985
60872,660A01,-74.0246,4.726797
60873,236A01,-74.024,4.728985
60874,234A01,-74.0238,4.7324199999999985
60875,046A01,-74.0241,4.73498
60915,351A07,-74.094,4.6128540000000005
60918,060A09,-74.13,4.593815
60919,059A09,-74.1343,4.594483
60920,058A09,-74.1417,4.59581
60921,617A09,-74.1441,4.595551
60922,057A09,-74.1483,4.595374
60923,616A09,-74.153,4.596289
60924,056A09,-74.156,4.596552
70184,352A02,-74.0541,4.732741000000001
70185,354A02,-74.0571,4.734217
70186,356A02,-74.0597,4.7345190000000015
70187,217A02,-74.0603,4.736197
70189,209A02,-74.0647,4.738251999999999
70193,357A02,-74.06,4.735049
70194,355A02,-74.0574,4.734107
70195,353A02,-74.0544,4.732681
70904,601A08,-74.1718,4.6519010000000005
70906,407A08,-74.1728,4.650483
70907,510A08,-74.1717,4.64961
70908,418A08,-74.1702,4.648118
70910,453A08,-74.1662,4.645473
70911,452A08,-74.1663,4.643484
70914,431A08,-74.166,4.638067
70915,394A08,-74.1656,4.636382
70916,423A08,-74.1646,4.635053
70917,027A08,-74.1657,4.632402
70918,025A08,-74.1689,4.629692
70923,037A08,-74.1632,4.6161010000000005
70924,621A09,-74.161,4.615495
70925,108A09,-74.1584,4.6159550000000005
70926,106A09,-74.1567,4.616264
70927,103A09,-74.1533,4.616876
70928,105A09,-74.1497,4.6174800000000005
70929,627A09,-74.1463,4.618338
70930,104A09,-74.1428,4.619112
70931,099D09,-74.1373,4.616058
70932,098D09,-74.1328,4.611455
70939,302A10,-74.1381,4.593637
70940,032A10,-74.1384,4.591867
70941,048A10,-74.138,4.588184
70942,034A10,-74.1366,4.58542
70943,007A10,-74.1346,4.585156
70944,006A10,-74.1305,4.5858360000000005
70945,057A10,-74.1279,4.585017
70946,059A10,-74.1267,4.582214
70947,061A10,-74.126,4.580436
70960,356A11,-74.1302,4.562459
70961,524A11,-74.1306,4.563219
70966,074B11,-74.1289,4.571729
70967,572B11,-74.128,4.573926
70968,075B11,-74.1288,4.576702
70972,005A10,-74.131,4.58596
70973,091A10,-74.1348,4.585343
70974,035B10,-74.1361,4.585518
70975,049B10,-74.137,4.587312
70976,033B10,-74.1385,4.590806
70977,031B10,-74.1379,4.593529
70978,110A09,,
70983,467A08,-74.127,4.609845
70984,471A08,-74.1236,4.609078
70985,469A08,-74.1246,4.606917
70986,208B08,-74.1265,4.606986
70987,209D08,-74.1319,4.611259
70988,159D08,-74.1364,4.615516
70996,036A08,-74.1637,4.617364
70997,035A08,-74.1648,4.619301
70998,599A08,-74.1668,4.622733
70999,034A08,-74.1679,4.624295
71000,032A08,-74.1697,4.627091
71001,024B08,-74.1691,4.62921
71002,026B08,-74.1664,4.631433
71003,112B08,-74.1636,4.633871
71004,067A08,-74.1625,4.634448
71006,433A08,-74.1639,4.639105000000002
71007,456A08,-74.1645,4.643584
71008,454A08,-74.166,4.645469
71010,419A08,-74.1696,4.648198000000002
71011,511A08,-74.1712,4.649424
71582,386A08,-74.1718,4.637186
71583,360A08,-74.1704,4.634665
71584,335A08,-74.1683,4.630927
71585,025B08,,
71589,178A08,-74.165,4.621362
71590,007A08,-74.16199999999998,4.623118
71591,005A08,-74.1594,4.625984
71592,426A08,-74.1574,4.625351
71595,561A08,-74.1527,4.623408
71596,124A08,-74.1515,4.622262
71597,203A08,-74.1504,4.62241
71598,201B08,,
71600,123B08,,
71601,584B08,-74.1439,4.621741
71603,099B09,-74.1367,4.615432
71604,098B09,-74.1317,4.610807
71605,096B09,-74.1271,4.607204
71606,568A09,-74.128,4.606938
71608,472A08,-74.1236,4.6111830000000005
71609,527A08,-74.1208,4.61224
71610,477A08,,
71611,012A08,-74.1169,4.610195
71612,010A08,-74.115,4.613887
71613,049A08,-74.1123,4.613005
71614,552A08,-74.1101,4.610893
71615,040A08,-74.1064,4.607345
71616,039A08,-74.1039,4.60541
71617,038A08,-74.1018,4.604015
71618,031A00,-74.0981,4.601562
71619,156A00,-74.095,4.598934
71620,155B00,-74.0938,4.6016010000000005
71621,803A00,-74.0922,4.604133
71622,200A00,-74.0906,4.60657
71623,154A00,-74.0884,4.609638
71624,172A00,-74.0865,4.612685
71625,255A00,-74.0828,4.613494
71627,253A00,-74.0794,4.610739
71628,241A00,-74.0749,4.607494
71629,243A00,-74.0726,4.605835
71630,247A00,-74.0695,4.603728
71631,245C00,-74.0692,4.603955
71632,244A00,-74.0726,4.60615
71633,249A00,-74.0748,4.607785
71634,251A00,-74.078,4.610076
71635,254A00,-74.0798,4.61136
71637,007A00,-74.0826,4.613652
71638,256A00,-74.0853,4.615906
71639,067A00,-74.0862,4.616729
71644,032A07,-74.1028,4.604883999999998
71645,033A07,-74.1064,4.607579
71646,034A07,-74.1084,4.609322
71647,551A08,-74.1102,4.611349
71648,039A07,-74.1122,4.613328
71649,009A08,-74.1152,4.614027
71650,011A08,-74.1166,4.611278
71651,478A08,,
71652,476A08,,
71661,119B08,-74.1471,4.624921
71662,107A08,-74.1501,4.622961
71663,202A08,-74.1507,4.62226
71664,125A08,-74.1524,4.623272
71666,186A08,-74.1575,4.625642
71667,006A08,-74.1593,4.626379
71668,008A08,-74.1625,4.623001
71669,179A08,-74.1651,4.6215519999999986
71673,211A08,-74.1708,4.628984
71674,213A08,-74.1725,4.63217
71675,356A08,-74.1706,4.63461
71676,387A08,-74.1718,4.637471
71721,041A08,-74.109,4.609624
71756,513A08,,
72317,305A08,-74.1903,4.624395
73875,545A08,-74.1934,4.638881
73876,642A08,-74.1924,4.637436
73877,353A08,-74.1915,4.635756
73878,282A08,-74.1902,4.633564
73879,646A08,,
73880,084A08,-74.1923,4.629866000000002
73883,304A09,-74.1901,4.624121
73884,157A09,-74.1893,4.623229
73885,285A09,-74.1895,4.622907
73886,067A09,-74.1893,4.620009
73887,546A09,-74.1884,4.617043
73888,066A09,-74.1872,4.61534
73889,043A09,-74.1866,4.612008
73890,053A09,-74.1862,4.609811
73891,076A09,-74.1855,4.608788
73892,052A09,-74.1846,4.607053
73893,049A09,-74.1832,4.603998000000002
73894,039A09,-74.1824,4.602153
73895,047B09,,
73896,063A10,-74.1766,4.59667
73897,291A10,-74.1719,4.596
73898,062A10,-74.1683,4.5955910000000015
73904,050A13,-74.0863,4.550992
73910,042A10,-74.1666,4.595536
73911,055A09,-74.1651,4.596031
73912,075A09,-74.1727,4.596632
73913,046A09,-74.1793,4.597896
73914,048A09,-74.1808,4.6010230000000005
73915,040A09,-74.1812,4.602407
73916,050A09,-74.1823,4.605182
73917,041A09,-74.1829,4.606353
73918,051A09,-74.1838,4.607843
73919,042A09,-74.185,4.609761
73920,044A09,-74.1867,4.6126190000000005
73921,065A09,-74.1877,4.616235
73922,547A09,-74.1883,4.617205
73923,216A08,-74.1894,4.623455
73927,083A08,-74.1895,4.630942
73928,630A08,-74.1893,4.632201
73929,281A08,-74.1906,4.634568
73930,294A08,-74.1914,4.635822
73931,641A08,-74.1924,4.637658
73932,521A08,-74.1934,4.6393559999999985
73933,291A08,-74.1949,4.641789
73968,455A08,-74.1644,4.6432970000000005
73969,459A08,-74.1612,4.6424650000000005
73970,449A08,-74.1596,4.640702
73971,656A08,,
73973,657A08,,
73974,654A08,,
73982,576A08,-74.194,4.6426110000000005
73983,577A08,-74.193,4.641445
73984,574A08,-74.1908,4.642059
73985,088A08,-74.1857,4.638855
73986,086A08,-74.1839,4.639855000000002
73987,362A08,-74.1817,4.638247
73988,541A08,-74.1777,4.629881
73989,544A08,-74.1805,4.635797
73990,363A08,-74.1815,4.63801
73991,085A08,-74.184,4.639896
73992,087A08,-74.1864,4.638732
73993,573A08,-74.1917,4.641788
73994,575A08,-74.1939,4.640663
74409,345A08,-74.1704,4.622991000000002
74410,342A08,-74.1688,4.6208800000000005
74411,167A08,-74.1673,4.620133999999998
74421,204A08,-74.1489,4.6240760000000005
74423,091A08,-74.1469,4.626117
74424,489A08,-74.1465,4.628119
74425,487A08,-74.1477,4.629292
74436,423A06,-74.1153,4.660582
74437,169A06,-74.1136,4.6575370000000005
74438,195A06,-74.1128,4.65627
74439,187A06,-74.1102,4.6527129999999985
74440,416A06,-74.108,4.651054
74441,041A06,-74.1049,4.647342
74442,040A06,-74.1034,4.645502
74443,384A06,-74.1012,4.642652
74444,039A06,-74.0984,4.6386650000000005
74445,390A06,-74.0968,4.636430000000002
74446,038A06,-74.0954,4.6344699999999985
74447,037A06,-74.0942,4.632807
74448,034A06,-74.0932,4.631316
74449,139A06,-74.0915,4.628687
74450,186A06,-74.0894,4.629074
74451,122A06,-74.0869,4.6278690000000005
74452,123A06,-74.0835,4.629526
74453,086A05,-74.0813,4.630992
74455,273A00,-74.0781,4.634182
74456,077A00,-74.0746,4.633702
74457,085A00,-74.0723,4.633294
74458,076A00,-74.0695,4.632761
74459,083A00,-74.0683,4.632542
74460,278A00,-74.0668,4.632263
74461,075A00,-74.0653,4.631692
74462,381A00,-74.0637,4.633212
74463,380A00,-74.0636,4.635475
74464,377A00,-74.0629,4.6390410000000015
74465,387A00,-74.062,4.642253
74466,374A00,-74.0616,4.643882
74467,825A00,-74.0607,4.645958
74468,373A00,-74.0595,4.64824
74469,563A00,,
74470,584A00,-74.0593,4.651504
74471,279A00,-74.0595,4.651994
74472,280A00,-74.058,4.654318
74473,394A00,-74.0571,4.655617
74475,227A00,-74.0596,4.6560000000000015
74476,228A00,-74.0607,4.654376
74477,229A00,-74.0613,4.653047
74478,047A00,-74.062,4.651562
74479,231A00,-74.0635,4.650048
74480,232A00,-74.0639,4.647469999999998
74481,098A00,-74.0644,4.644222
74482,233A00,-74.0649,4.641566
74483,198A00,-74.0656,4.637421
74484,234A00,-74.0662,4.6334339999999985
74485,277A00,-74.0668,4.63246
74486,084A00,-74.0683,4.632721
74487,276A00,-74.0695,4.632942
74488,086A00,-74.0713,4.633273
74489,078A00,-74.0733,4.633624
74490,274A00,-74.0767,4.634275
74491,079A00,-74.0778,4.634335
74492,085A05,-74.0815,4.631145
74493,084A05,-74.0838,4.629676
74494,393A06,-74.0874,4.625733
74495,031A06,-74.0904,4.626037
74496,140A06,-74.0914,4.628838
74497,035A06,-74.0925,4.6304370000000015
74498,036A06,-74.094,4.632745
74499,141A06,-74.0956,4.635063
74500,109A06,-74.0966,4.636575
74501,395A06,-74.0993,4.640495
74502,142A06,-74.1009,4.642744
74503,042A06,-74.1044,4.647364
74504,285A06,-74.1079,4.651612999999998
74505,143A06,-74.1092,4.653489
74506,069A06,-74.1101,4.655201
74507,070A06,-74.112,4.65813
74517,200A07,-74.1377,4.64279
74518,379A07,-74.1396,4.642562
74534,165A08,-74.1678,4.619996
74535,343A08,-74.1685,4.620623
74536,346A08,-74.1705,4.623339
74537,352A08,-74.1727,4.626511
74538,349A08,-74.1745,4.626429
74539,327A08,-74.1768,4.623924
74646,818A00,-74.0558,4.654099
74647,371A00,-74.0573,4.651763
74648,372A00,-74.0591,4.649439
74649,375A00,-74.0611,4.645772
74650,819A00,-74.0619,4.643496
74651,376A00,-74.0626,4.641022
74652,378A00,-74.0632,4.638594
74653,820A00,-74.0639,4.635032
74654,821A00,-74.0639,4.633324
74655,805A00,-74.0649,4.632889
74665,385A06,-74.0863,4.62796
75432,094B08,-74.1346,4.629632
75434,139A08,-74.1367,4.62624
75435,151A08,-74.1371,4.622185
75436,623A08,-74.1365,4.620304
75437,497A08,-74.1331,4.619461
75438,624A08,-74.1327,4.616625
75439,622A08,-74.1317,4.613908
75440,209C08,-74.1327,4.611765
75441,625A08,-74.1345,4.614521
75442,626A08,-74.1324,4.615667
75443,605A08,-74.1326,4.617908
75444,499A08,-74.1329,4.620463
75445,262A08,-74.1325,4.623034
75446,608A08,-74.1321,4.62671
75447,094A08,-74.1344,4.629771
76772,328A09,,
76774,327A09,,
76775,324A09,-74.1702,4.604608
76776,322A09,-74.1723,4.60813
76777,332A09,-74.172,4.609261
76778,336A09,-74.1733,4.611219
76779,333A09,-74.1733,4.611757
76780,135A08,-74.1699,4.614345
76781,132A08,-74.1667,4.616647
76783,128B08,,
76790,199A08,-74.1529,4.619809
76791,170A08,-74.153,4.618182
76798,154D08,-74.1283,4.609692
76799,002D08,-74.1276,4.612975
76800,502D08,-74.1267,4.615922
76801,156D08,-74.1257,4.619257
76802,100D07,-74.1247,4.622225
76803,045A08,-74.1234,4.623196
76804,044A08,-74.1215,4.621265
76805,043A08,-74.1202,4.61995
76806,619A08,-74.1183,4.618176
76807,042A08,-74.1162,4.616384
76815,030A00,-74.0954,4.5996
76816,202A00,-74.093,4.598063
76817,436A00,-74.0914,4.596983
76818,438A00,-74.0881,4.594271
76819,086A12,-74.0872,4.5906699999999985
76820,087A12,-74.0856,4.589675
76821,527A13,-74.0831,4.591573
76822,676A00,-74.0817,4.593816
76823,784A00,-74.0802,4.596351
76824,785A00,-74.0787,4.59856
76825,786A00,-74.0769,4.601465
76826,787A00,-74.0756,4.6035900000000005
76827,809A00,-74.074,4.606224
76829,788A00,-74.0758,4.603743
76830,789A00,-74.0774,4.601247
76831,790A00,-74.0791,4.598704
76832,068A00,-74.0804,4.59647
76833,813A00,-74.0835,4.5917080000000015
76834,012A00,-74.0872,4.590847
76835,806A00,-74.0898,4.593136
76836,807A00,,
76837,437A00,-74.0913,4.597448
76838,203A00,-74.0937,4.598649
76839,029A00,,
76840,032A00,-74.0969,4.600929
76841,033A00,-74.1001,4.60314
76847,035A07,-74.1159,4.616525
76848,373A07,-74.1178,4.6182370000000015
76849,036A07,-74.1192,4.619503
76850,037A07,-74.1209,4.621134
76851,038A07,-74.1231,4.623418
76852,098D07,-74.1246,4.623797
76853,001D08,-74.1257,4.620478
76854,501D08,-74.1267,4.617263
76855,155D08,-74.1275,4.614856
76856,162D08,-74.1283,4.6119629999999985
76857,209E08,-74.1317,4.611102
76858,159E08,-74.1361,4.615179
76862,171A08,-74.1529,4.618392
76863,200A08,-74.1525,4.620087
76871,134A08,-74.1703,4.614132
76872,335A09,-74.1733,4.611072
76873,321A09,-74.1726,4.608358
76874,319A09,,
76875,318A09,-74.1726,4.606432
76876,325A09,-74.1703,4.604458
76877,(45589) CATALINA 2|PIR CATALINA II,,
77092,330A09,-74.1686,4.609449
77093,338A09,-74.1698,4.6096059999999985
77094,323A09,-74.1716,4.607935
77193,339A09,-74.17,4.608979
77194,329A09,-74.1686,4.608798
77417,274A09,-74.1967,4.63053
77418,276A09,-74.196,4.629027
77420,031A09,,
77429,329B08,,
77430,331A08,-74.1775,4.622796
77431,323A08,-74.1789,4.620918
77432,320A08,,
77433,322A08,,
77434,253A08,-74.176,4.618452
77438,172A08,-74.17399999999998,4.614858
77439,174B08,-74.1718,4.616452
77440,176B08,-74.1697,4.6180400000000015
77441,314A08,-74.1685,4.617939
77449,030A09,-74.1524,4.61611
77450,033A09,-74.1506,4.613364
77451,035A09,-74.1483,4.610111
77452,131A09,-74.1467,4.607824
77453,037A09,-74.1455,4.606143
77454,507A09,-74.14399999999998,4.603875
77455,028B09,-74.1447,4.599712
77456,050B10,-74.1455,4.592439
77457,001B10,-74.1455,4.590447
77458,243A10,-74.14399999999998,4.588309
77459,249A10,-74.1419,4.590579
77460,268A10,-74.1417,4.592042
77461,269A10,-74.1411,4.594432
77463,409A10,-74.1286,4.593188
77464,399A10,-74.127,4.592619
77465,055A10,-74.1262,4.5911089999999986
77466,317A10,-74.125,4.590107
77467,323A10,-74.1202,4.589114
77468,080A10,-74.1163,4.588312
77469,079A10,-74.1123,4.588578
77470,106A11,-74.108,4.590007
77471,105A11,-74.1056,4.592304
77472,100A11,-74.1043,4.593609
77473,112A11,-74.1007,4.59482
77474,416A00,-74.1005,4.595544
77475,422A00,-74.0992,4.597186
77476,207A00,-74.0981,4.596524
77477,204A00,-74.0962,4.595891
77478,156B00,-74.0952,4.598330000000002
77480,803B00,-74.0926,4.603579
77481,200B00,-74.0908,4.606278
77482,154B00,-74.0887,4.609244
77484,158A00,-74.0847,4.61275
77485,174A00,-74.0839,4.613797
77486,255B00,-74.083,4.613607
77488,253B00,-74.0796,4.610837
77489,250B00,-74.0782,4.609897
77490,241B00,-74.0756,4.608084
77491,654A00,-74.0717,4.608847
77492,519A00,-74.0723,4.622232
77493,350A00,-74.0717,4.623282
77494,092A00,-74.07,4.6229830000000005
77495,093A00,-74.0688,4.622268
77496,238B00,-74.0687,4.6188129999999985
77497,239B00,-74.069,4.616808
77498,240B00,-74.0706,4.614853
77499,097A00,-74.0728,4.611109
77500,096A00,-74.0745,4.609007
77505,159A00,-74.0849,4.612921
77506,321A00,-74.089,4.6125050000000005
77507,322A00,-74.0921,4.608671
77508,010A00,-74.0947,4.605427
77509,323A00,-74.0976,4.60171
77510,011A00,-74.0996,4.5992739999999985
77511,048A00,-74.1022,4.595885
77512,084A10,-74.1049,4.593324
77513,083A10,-74.107,4.5913
77514,334A10,-74.1087,4.58968
77515,082A10,-74.1111,4.588882
77516,336A10,-74.11399999999998,4.5886830000000005
77517,081A10,-74.1169,4.5886260000000005
77518,319B10,-74.1197,4.589291
77519,320A10,-74.1243,4.59013
77520,056A10,-74.1262,4.591401
77521,398A10,-74.1267,4.59271
77524,410A09,-74.1407,4.5960540000000005
77525,407A09,-74.1435,4.598157
77526,624A09,-74.1452,4.59945
77527,406A09,-74.14699999999998,4.600797
77528,639A09,-74.1489,4.601604
77529,472A09,-74.1479,4.602222
77530,640A09,-74.1451,4.603048
77531,508A09,-74.1439,4.603881
77532,422A09,-74.1448,4.60744
77533,590A09,-74.146,4.608723
77534,036A09,-74.1483,4.610462999999998
77535,034A09,-74.1504,4.6135480000000015
77536,032A09,-74.1516,4.615501999999998
77537,182A08,-74.1538,4.617043
77538,181A08,-74.1567,4.616524
77539,638A08,-74.1592,4.616079
77540,336A08,-74.1598,4.616636
77541,226A08,-74.1605,4.619322
77573,219A08,-74.2048,4.633374
77574,228A08,-74.2059,4.63591
77575,229A08,-74.2061,4.6376620000000015
77576,246A08,-74.2033,4.639016000000002
77577,248A08,-74.2008,4.63823
77578,243A08,-74.1997,4.636114
77589,143A08,-74.1833,4.629536
77590,099A08,-74.1814,4.630391
77591,097A08,-74.1799,4.631031
77592,627A08,-74.1784,4.631279
77593,540A08,-74.1777,4.629539
77594,536A08,-74.1776,4.628314
77595,538A08,-74.1799,4.6263809999999985
77615,061B09,-74.1251,4.6051410000000015
77616,095B09,-74.1229,4.603489
77617,025A09,-74.1199,4.6015169999999985
77618,094A09,-74.1171,4.599467
77619,093A09,-74.1145,4.597206
77620,021A10,-74.1128,4.5946989999999985
77621,085A10,-74.1117,4.5927989999999985
77622,086A10,-74.1097,4.590079
77623,107B11,-74.1088,4.5887660000000015
77624,033B11,-74.1076,4.58732
77625,102B11,-74.1057,4.584988
77626,103B11,-74.1049,4.583888
77627,104B11,-74.1034,4.582055
77628,079B12,-74.1021,4.580836
77629,080B12,-74.1006,4.579827
77630,083B12,-74.0979,4.577985
77631,084B12,-74.0958,4.576604
77632,528A13,-74.0922,4.578727
77633,529A13,-74.0901,4.581486
77634,524A13,-74.0883,4.583963
77635,525A13,-74.0867,4.586299
77636,526A13,-74.085,4.588743
77644,814A00,-74.0711,4.6112980000000015
77645,723A00,-74.0713,4.617942
77646,139A00,-74.0694,4.619145
77649,810A00,-74.0719,4.610414
77650,811A00,-74.0735,4.607711
77651,812A00,-74.0745,4.605926
77657,444A12,-74.0853,4.588923
77658,445A12,-74.0873,4.585856
77659,446A12,-74.089,4.583607
77660,449A12,-74.0904,4.581678
77661,450A12,-74.0925,4.578774
77662,451A12,-74.0944,4.576244
77663,085A12,-74.096,4.577073
77664,082A12,-74.0985,4.578769
77665,081A12,-74.1004,4.580053
77666,078A12,-74.1019,4.5810309999999985
77667,111A11,-74.1033,4.582382
77668,110A11,-74.1047,4.584054
77669,109A11,-74.1057,4.585365
77670,108A11,-74.1074,4.587457
77671,101A11,-74.1087,4.589075
77672,078A10,-74.1092,4.5897739999999985
77673,077A10,-74.1115,4.593064
77674,076A10,-74.1127,4.595139
77675,046A08,-74.1143,4.597445
77676,207A08,-74.1176,4.600383
77677,047A08,-74.1197,4.601757
77678,206A08,-74.123,4.60383
77679,113A08,-74.1248,4.605211
77680,208A08,-74.127,4.607547
77681,209A08,-74.1336,4.612312
77682,159A08,-74.1373,4.616531
77699,539A08,-74.1794,4.6265839999999985
77700,537A08,-74.1777,4.628034
77702,096A08,-74.1788,4.631641
77703,098A08,-74.1803,4.630982
77704,144A08,-74.1839,4.629381
77705,100A08,-74.1862,4.628235
77714,244A08,-74.1997,4.636373000000002
77715,247A08,-74.2007,4.638139
77716,245A08,-74.2037,4.638915
77717,230A08,-74.2057,4.637949
77718,227A08,-74.2055,4.634905000000002
77719,221A08,-74.2042,4.632001
78976,655A00,-74.07,4.610512
78977,656A00,-74.0696,4.612143
78978,675A00,-74.0689,4.615485
78979,140B00,,
78980,138A00,-74.071,4.620847
81937,509A08,-74.1744,4.6498800000000005
81938,629A08,-74.1764,4.649854
81939,383A08,-74.1754,4.648346
81940,403A08,-74.1736,4.645828
81941,405A08,-74.1722,4.643738
81942,652A08,,
81943,409A08,-74.1695,4.642429
81984,143A11,-74.1565,4.548953
81985,140A11,-74.1586,4.546463
81986,125A11,-74.161,4.547169
81987,130A11,-74.1602,4.54932
81988,132A11,-74.1593,4.551597
81989,427A11,-74.1588,4.553292
81990,131A11,-74.1594,4.551614
81991,129A11,-74.1603,4.549316
81992,126A11,-74.161,4.547605
81993,139A11,-74.1593,4.546723
81994,144A11,-74.1566,4.548799
82037,609A08,-74.1679,4.641031
82038,410A08,-74.1697,4.642416000000001
82039,653A08,,
82040,406A08,-74.1721,4.643785
82041,404A08,-74.1737,4.646028
82042,384A08,-74.1754,4.648621
82043,628A08,-74.1763,4.649966
85775,427A08,-74.1669,4.6402
85778,060A08,-74.1638,4.642176999999998
85781,133A07,-74.1567,4.643155
85782,145A07,-74.1557,4.64425
85783,154A07,-74.1542,4.644288
85784,123A07,-74.1519,4.644419
85785,173A07,-74.1494,4.644256
85786,172A07,-74.1482,4.644888
85787,180A07,-74.1464,4.64411
85788,167A07,-74.1452,4.640291
85789,168A07,-74.143,4.638741
85800,(1926) L001|BICENTENARIO A - 3,,
85801,(1927) L002|BICENTENARIO B - 3,,
85811,116A06,-74.0959,4.626981
85812,119B07,-74.094,4.624854
85813,121B07,-74.0925,4.622254
85814,131B07,-74.0902,4.619989
85815,258B00,-74.0869,4.616862
85816,257B00,-74.0855,4.615692
85821,243B00,-74.0735,4.606433999999999
85822,247B00,-74.0698,4.603959
85831,025A07,-74.0904,4.620489
85832,120A07,-74.0924,4.622397
85833,024A07,-74.0938,4.624831
85834,032A06,-74.0947,4.62651
85835,117A06,-74.0955,4.627804
85836,118A06,-74.0931,4.6303410000000005
85837,119A06,-74.092,4.631446
85848,007A06,-74.1154,4.662425
85849,133A06,-74.1184,4.658944
85850,196A06,-74.1214,4.655468
85851,135A06,-74.1247,4.651596
85855,107A07,-74.135,4.640993
85856,068A07,-74.1367,4.6376620000000015
85859,169A07,-74.1425,4.638709
85860,353A07,-74.1449,4.6403300000000005
85861,183A07,-74.1448,4.6426620000000005
85862,181A07,-74.1454,4.643863
85863,184A07,-74.1459,4.644694
85864,171A07,-74.1484,4.644764
85865,335A07,-74.1501,4.645238
85866,122A07,-74.1542,4.642661
85868,450A08,-74.1595,4.640733999999999
85869,460A08,-74.161,4.642364
86991,375A08,-74.1786,4.646577
86992,369A08,-74.1777,4.644830000000002
86993,372A08,-74.1764,4.643357
86995,392A08,-74.1727,4.640342
86996,528A08,-74.1715,4.641235
87012,099C09,-74.1371,4.6158519999999985
87013,098C09,-74.1325,4.61129
87014,096A09,-74.1268,4.606832
87015,061A09,-74.1249,4.604972
87016,095A09,-74.1231,4.603593
87032,100B13,-74.0939,4.57498
87033,102B13,,
87034,104A13,-74.0909,4.571869
87035,002A13,-74.0889,4.5706
87036,105A13,-74.0868,4.569385
87037,097A13,-74.0834,4.57031
87038,003A13,-74.0805,4.571267
87039,592A13,,
87040,264A13,-74.0796,4.569705
87041,255A13,-74.0826,4.568437
87042,255B13,,
87043,257A13,-74.0819,4.570185
87044,098A13,-74.084,4.570263
87045,106A13,-74.0873,4.569906
87046,001A13,-74.0894,4.571172
87047,103A13,-74.0907,4.572017
87048,101B13,-74.0922,4.573565
87049,099B13,-74.0937,4.575163
87050,085B12,-74.0952,4.576505
87051,082B12,-74.0982,4.578556
87052,081B12,-74.1001,4.579833
87053,078B12,-74.1014,4.580724
87054,111B11,-74.1031,4.582113
87055,110B11,-74.1045,4.583865
87056,109B11,-74.1056,4.585254
87057,108B11,-74.1072,4.587219
87058,101B11,-74.1086,4.588962
87061,076B10,,
87065,206B08,-74.1228,4.603732
87066,113B08,-74.1246,4.6050830000000005
87087,393A08,-74.1729,4.640181
92001,525A08,-74.1804,4.635441
92006,300A08,,
92007,518A08,-74.186,4.643089
92010,292A08,-74.1947,4.64141
92015,279A08,-74.1879,4.6303480000000015
92039,099A09,-74.1365,4.615172
92040,098A09,-74.1314,4.610603
92062,118C04,-74.0876,4.679795
92063,117C04,-74.0891,4.68142
92064,157C04,-74.0907,4.6832080000000005
92065,116C04,-74.0927,4.6852550000000015
92066,114C04,-74.0993,4.690697
92067,113C04,-74.1019,4.692887000000002
92068,309C04,-74.1049,4.695213
92069,122C04,-74.1076,4.697262
92070,123C04,-74.111,4.699675
92071,124B04,-74.1144,4.702102
92072,441B04,-74.1163,4.703846
92073,125B04,-74.1184,4.705598
92074,126B04,-74.1211,4.7078
92075,311B05,,
92076,262B05,,
92077,261B05,,
92078,482A05,-74.1268,4.7059120000000005
92079,041A05,-74.1279,4.704999
92080,043A05,-74.1298,4.702577
92081,045A05,-74.131,4.700846
92082,477A05,-74.1326,4.7011400000000005
92083,206A05,-74.1346,4.702564
92084,218A05,-74.1354,4.705227
92085,404A05,-74.1336,4.70655
92086,470A05,-74.1351,4.708206
92087,405B05,,
92088,221A05,-74.1372,4.710687
92089,247A05,,
92091,068A05,-74.1433,4.713019999999998
92092,110A05,-74.14399999999998,4.711405
92093,070A05,-74.1426,4.709358
92094,066B05,-74.1396,4.708849
92095,064B05,-74.137,4.705907
92096,208B05,-74.1366,4.7039040000000005
92097,207B05,-74.1336,4.701624
92098,046A05,-74.1308,4.700325
92099,044A05,-74.1295,4.702277
92100,042A05,-74.1278,4.704875
92101,260A05,-74.1254,4.705127
92102,263A05,-74.1237,4.705345
92103,266A05,-74.1228,4.707269
92104,174A05,-74.1211,4.707592
92105,173A05,-74.1178,4.704798
92106,478A05,-74.1161,4.703411
92107,172A05,-74.1143,4.70183
92108,171A05,-74.1116,4.699769
92109,170A05,-74.1089,4.6978480000000005
92110,177A05,-74.1046,4.694714
92111,176A05,-74.1019,4.69261
92112,178A05,-74.1003,4.691286
92113,179A05,-74.097,4.688733999999998
92114,180A05,-74.0921,4.684384
92115,181A05,-74.0904,4.6825790000000005
92116,182A05,-74.0889,4.681018
92117,183A05,-74.0879,4.679892
92118,302A05,-74.08800000000002,4.678944
92119,296A05,-74.0891,4.677
92120,301A05,-74.0879,4.675656
92167,280A08,-74.1873,4.629471
92174,234A08,-74.1882,4.64305
92175,233A08,-74.1872,4.641056
93601,145A08,-74.1892,4.637294
93621,045B09,,
93632,318A10,-74.1284,4.592651
93638,107A11,-74.1083,4.588191
93639,033A11,-74.1075,4.587157
93640,102A11,-74.1056,4.584817
93641,103A11,-74.1045,4.583457
93642,104A11,-74.1029,4.581472
93643,079A12,-74.1015,4.580444
93644,080A12,-74.1005,4.579756
93645,083A12,-74.0975,4.577736
93646,084A12,-74.095,4.575973
93647,100A13,-74.0937,4.5747550000000015
93648,094A13,-74.0937,4.57359
93649,095A13,-74.096,4.571196
93650,022A13,-74.0961,4.5705290000000005
93651,538A13,-74.0948,4.568675
93652,048A13,-74.0974,4.566171
93653,047A13,-74.0973,4.563312000000002
93654,028A13,-74.097,4.562145
93655,031A13,-74.0985,4.561001
93656,029A13,-74.0986,4.558432
93657,034A13,-74.0955,4.556101
93658,016A13,-74.0922,4.554333
93659,037A13,-74.0901,4.551263
93660,039A13,-74.089,4.548515
93661,041A13,-74.0878,4.550168
93662,049A13,-74.0864,4.550335
93663,051A13,-74.0839,4.548019
93664,053A13,-74.0836,4.545629
93665,064A13,-74.0836,4.54397
93666,055A13,-74.0837,4.541247
93667,561A13,-74.0837,4.5396980000000005
93668,057A13,-74.0836,4.537481
93669,511A13,-74.0839,4.534904
93670,172A13,-74.0856,4.536307
93671,173A13,-74.0863,4.537104
93672,510A13,-74.0852,4.535548
93673,587B13,,
93678,587A13,,
93679,058A13,-74.0835,4.537517
93680,056A13,-74.0836,4.541557
93681,063A13,-74.0834,4.543697
93682,054A13,-74.0835,4.5452330000000005
93683,052A13,-74.0837,4.547932
93685,042A13,-74.0879,4.550197
93686,040A13,-74.0888,4.548355
93687,038A13,-74.0901,4.551612
93688,017A13,,
93689,033A13,-74.0956,4.556323
93690,032A13,-74.0986,4.5585239999999985
93691,030A13,-74.0987,4.560617
93692,027A13,-74.0961,4.562703
93693,025A13,-74.0944,4.565336
93694,024A13,-74.0936,4.568898
93695,092A13,-74.093,4.5709230000000005
93696,211A13,-74.0922,4.571842
93697,101A13,-74.0925,4.573872
93698,099A13,-74.094,4.5754519999999985
93732,068A09,-74.1894,4.62063
93733,284A09,-74.1898,4.622704
93742,146A08,-74.189,4.637183
95124,578A08,-74.1866,4.640065
95125,572A08,-74.188,4.642828
95133,084B08,-74.1914,4.630213
95145,052B09,-74.1841,4.6058949999999985
95146,520A09,-74.1825,4.607267
95147,054A09,-74.179,4.610367
95148,100A09,-74.1773,4.611936
95149,569A09,-74.1753,4.61378
95150,027A09,-74.1738,4.61364
95151,029A09,-74.1703,4.6134309999999985
95152,026A09,-74.1664,4.614025
95153,107A09,-74.1635,4.614703
95179,343A12,-74.101,4.578337
95180,334A12,-74.1031,4.575545
95181,357A12,-74.1056,4.572047
95182,314A12,-74.1054,4.5690870000000015
95183,302A12,-74.105,4.567288
95184,305A12,-74.1035,4.566561
95185,068A13,,
95186,067A12,-74.108,4.564726
95187,068A12,-74.1107,4.560754
95188,070A12,-74.1121,4.556873
95189,280A12,-74.1108,4.555685
95193,470A12,-74.1083,4.5569190000000015
95194,471A12,-74.1106,4.557086
95195,069A12,-74.1106,4.5610610000000005
95196,066A12,-74.1078,4.5648290000000005
95197,067A13,-74.1037,4.56561
95198,096A13,-74.1016,4.567632
95199,193A13,,
95200,072A12,,
95201,304A12,,
95202,303A12,-74.1049,4.567367
95203,315A12,-74.1055,4.569689
95204,423A12,-74.1052,4.573061
95205,333A12,-74.10300000000002,4.5750720000000005
95206,342A12,-74.1007,4.578113
95233,168B08,-74.1716,4.613558
95234,166B08,-74.1739,4.6140370000000015
95235,610B09,,
95236,101B09,,
95237,102B09,,
95238,511B09,,
95239,051B09,,
97904,102A13,-74.0921,4.573065
97908,006A13,-74.0858,4.568619
97909,008A13,-74.087,4.5648279999999986
97910,555A13,-74.0878,4.562621
97911,570A13,-74.0887,4.560427
97912,012A13,-74.0905,4.559286
97913,014A13,,
97914,569A13,-74.0913,4.5536910000000015
97926,060A13,-74.0852,4.533924
97927,062A13,-74.0862,4.532222
97928,149A13,-74.0867,4.529857
97929,146A13,-74.0874,4.524499
97930,142A13,-74.0888,4.521624
97931,134A13,-74.0911,4.519412
97932,126A13,-74.0905,4.517599
97933,123A13,-74.0896,4.515906
97934,573A13,-74.0912,4.515488
97935,125A13,-74.0911,4.514121
97936,119A13,-74.0917,4.512582
97937,115A13,-74.092,4.5109900000000005
97938,116A13,-74.092,4.510872
97939,118A13,-74.0922,4.512116000000002
97940,122A13,-74.08800000000002,4.554711
97941,120A13,-74.0913,4.5139809999999985
97942,572A13,-74.0911,4.515708
97943,124A13,-74.0893,4.515805
97944,127A13,-74.09,4.517369
97945,135A13,-74.09100000000002,4.519419999999998
97946,143A13,-74.0889,4.521449
97947,145A13,-74.0874,4.524237
97948,150A13,-74.086,4.528669
97949,061A13,-74.0864,4.531968
97950,059A13,-74.085,4.5339480000000005
97961,015A13,-74.0907,4.5560589999999985
97962,013A13,-74.0903,4.55935
97963,011A13,-74.089,4.562001
97964,571A13,-74.0877,4.5641300000000005
97965,009A13,-74.0861,4.564541
97966,007A13,-74.0859,4.568441
100769,422A12,-74.1058,4.533589
100771,227A12,-74.1085,4.534503
100772,429A12,-74.1105,4.535108
100773,234A12,-74.1118,4.535792
100774,235A12,-74.1122,4.5376
100775,426A12,-74.1148,4.5370370000000015
100776,231A12,-74.1151,4.538389
100777,233A12,-74.1168,4.53998
100778,125A12,-74.1189,4.542107
100782,004A12,-74.1232,4.559237
100783,003A12,-74.1248,4.563592
100784,588A11,-74.1262,4.565981
100785,002A12,-74.125,4.56965
100786,001A12,-74.1236,4.573561
100787,072A11,-74.124,4.576038
100788,071A11,-74.1249,4.578338
100807,117B08,,
100808,585B08,,
100809,122B08,,
100828,602A08,-74.1719,4.651712
100871,073A11,-74.1241,4.576031
100872,034A11,-74.1238,4.5740370000000015
100873,035A11,-74.1248,4.57092
100874,496A11,-74.1264,4.567742
100881,124A12,-74.1189,4.541979
100882,232A12,-74.1171,4.540102
100883,230A12,-74.1147,4.537011
100884,427A12,-74.1129,4.537463
100885,236A12,-74.1118,4.536308999999998
100886,428A12,-74.1103,4.534968
102102,356A07,-74.1544,4.642168
102104,124A07,-74.1484,4.647581
102106,126A07,-74.1439,4.651969
102108,343A07,-74.1381,4.656946
102116,021A07,-74.1152,4.634626
102117,022A07,-74.1127,4.632475
102118,023A07,-74.1102,4.629852
102119,029A07,-74.1006,4.6262050000000015
102120,028A07,-74.0957,4.625679
102121,119A07,-74.0939,4.624724
102122,121A07,-74.0924,4.6221489999999985
102123,131A07,-74.0904,4.6201690000000015
102125,257A00,-74.0851,4.615327
102129,250A00,-74.0773,4.609257
102133,502A00,-74.0671,4.603659
102134,506A00,-74.0645,4.603203
102135,508A00,-74.0618,4.602913
102136,500A00,-74.0626,4.599824
102137,498A00,-74.0648,4.597962
102138,494A00,-74.067,4.5957930000000005
102139,460A00,-74.07,4.5928830000000005
102140,350A13,-74.0712,4.590515
102141,348A13,-74.0713,4.587326
102142,424A13,-74.0717,4.585888
102143,301A13,-74.0713,4.583544
102144,295A13,-74.072,4.5820690000000015
102145,291A13,-74.0727,4.580175
102146,298A13,-74.071,4.580696
102148,297A13,-74.0712,4.580665
102149,292A13,-74.0728,4.5802580000000015
102150,296A13,-74.072,4.582086
102151,302A13,-74.0716,4.583661
102152,425A13,-74.0722,4.585121
102153,349A13,-74.0713,4.587243
102154,351A13,-74.0711,4.590496
102155,461A00,-74.0696,4.593127
102156,493A00,-74.0674,4.595627
102157,499A00,-74.0654,4.599645
102158,509A00,-74.0616,4.6013410000000015
102159,510A00,-74.0618,4.603175
102160,507A00,-74.0647,4.603721
102161,505A00,-74.066,4.605062
102176,033A06,-74.0985,4.626932
102177,025B06,,
102178,024A06,-74.1118,4.63226
102179,447A06,,
102180,023B06,,
102187,342A07,-74.1385,4.6570480000000005
102188,129A07,-74.1423,4.653912
102189,349A07,-74.1442,4.652089
102190,127A07,-74.1465,4.649796
102191,125A07,-74.1493,4.647131
109706,131D06,-74.105,4.651117
109707,116D05,-74.1015,4.655646
109708,118D05,-74.0973,4.66109
109709,437D05,-74.0957,4.663183
109710,121D05,-74.0918,4.6681550000000005
109711,122D05,-74.0897,4.670907
109718,171A03,-74.0687,4.689437
109719,165A03,-74.0658,4.688957
109720,001A00,-74.0639,4.68848
109721,211A00,-74.0596,4.6872110000000005
109723,277A01,-74.0475,4.6868620000000005
109724,278A01,-74.0459,4.6901470000000005
109725,279A01,-74.0449,4.691879
109726,280A01,-74.0433,4.69506
109727,281A01,-74.0429,4.698226999999998
109728,018A01,-74.0427,4.7015980000000015
109729,119B01,-74.0426,4.7034410000000015
109730,182A01,-74.042,4.703857
109731,181A01,-74.0379,4.703915
109732,178A01,-74.0358,4.703905000000002
109733,177A01,-74.0305,4.702432
109747,233B01,-74.0244,4.734933
109748,235B01,-74.0241,4.732636
109749,045B01,-74.0242,4.729108
109750,070B01,-74.025,4.72553
109751,238B01,-74.0263,4.7221660000000005
109752,240B01,-74.0281,4.718486
109753,264B01,-74.0289,4.716753
109754,244B01,-74.0292,4.71368
109756,247B01,-74.0288,4.708901
109757,249B01,-74.0286,4.706506
109758,251B01,-74.0288,4.703717
109773,123D05,-74.0884,4.673734
109774,120D05,-74.0913,4.669447
109775,119D05,-74.0957,4.663679
109776,210D05,-74.0969,4.662226
109778,115D05,-74.1012,4.6565379999999985
109779,132D06,-74.1047,4.6521930000000005
109780,065D06,-74.1062,4.650076
109781,129D06,-74.1084,4.647397
109782,190D06,-74.1109,4.644876
109783,002D06,-74.1138,4.641898
109784,001D06,-74.117,4.638826
111633,170A03,-74.0703,4.689346
111638,212C00,-74.0537,4.685976
111677,179A01,-74.0352,4.704246
111678,180A01,-74.0376,4.704589
111679,183A01,-74.0421,4.704204
111680,504A01,-74.0428,4.704715
111696,174A03,-74.0739,4.688314
113064,131B12,,
113070,515A12,-74.1105,4.547772
113071,261A12,-74.1088,4.547773
113072,548A12,-74.1053,4.544862
113074,258A12,-74.1046,4.54372
113075,554A12,,
113076,257A12,-74.1061,4.542516
113077,256A12,-74.1074,4.543866
113078,248A12,-74.11,4.545185
113086,134A12,-74.1215,4.55892
113104,453A09,-74.1312,4.604119
113105,459A09,-74.1291,4.603627
113106,466A09,-74.1275,4.605197
136889,579A08,-74.1878,4.631538
136890,148A08,-74.1854,4.632442
136891,081A08,-74.183,4.633472
136892,079A08,-74.1806,4.634345
136893,053A08,-74.1762,4.635565
136894,215A08,-74.1743,4.634696
136895,214A08,-74.1728,4.631829
136896,031A08,-74.1717,4.629781
136897,024A08,-74.1688,4.629397
136898,026A08,-74.1662,4.631623
136899,112A08,-74.1632,4.634129
136904,092A08,-74.1431,4.630636
136905,093A08,-74.1411,4.630438
136907,095A08,-74.1287,4.629218
136908,063A07,-74.1191,4.628154
136909,332A07,-74.1155,4.627872
136910,065A07,-74.1099,4.6272769999999985
136911,409A07,,
136912,029B07,,
136914,027A07,-74.0922,4.625661
136915,026A07,-74.0878,4.624912
136916,350A07,-74.0854,4.624925
136917,132B00,,
136918,089A00,-74.0776,4.624325
136919,091A00,-74.0756,4.623972
136920,183A00,-74.0742,4.623739
136924,778A00,-74.0665,4.622498
136925,386A00,-74.066,4.624217
136926,384A00,-74.0652,4.627758999999998
136927,383A00,-74.0644,4.630508
136935,826A00,-74.0572,4.65147
136936,827A00,-74.0562,4.653027
136940,817A00,,
136954,822A00,-74.0647,4.6300930000000005
136955,385A00,-74.0654,4.627735
136956,823A00,-74.0661,4.624861
136957,185A00,,
136959,140A00,-74.0692,4.6189480000000005
136961,349A00,-74.0718,4.623458
136962,182A00,-74.0741,4.623854
136963,090A00,-74.0759,4.624181
136964,088A00,-74.0775,4.624453
136965,133A00,-74.0799,4.624208
136969,033B06,,
136970,064A07,-74.1103,4.628053
136971,333A07,-74.115,4.628564
136972,062A07,-74.1188,4.6289370000000005
136973,061A07,-74.1285,4.629829
136974,060A07,-74.1342,4.6305010000000015
136975,059A07,-74.141,4.6311860000000005
136983,111A08,-74.1635,4.634305
136988,212A08,-74.1735,4.634016
136989,054A08,-74.1761,4.635696
136990,078A08,,
136991,080A08,-74.1824,4.633812
136992,147A08,-74.1848,4.632816
136993,082A08,-74.1877,4.63165
137082,235A00,-74.0666,4.631018
137083,236A00,-74.0672,4.6276519999999985
137084,237A00,-74.0674,4.6263
137154,130A07,-74.134,4.661174
137155,067A06,-74.1316,4.664343
137156,026A06,-74.1284,4.668213
137157,429A06,-74.1272,4.669529
137158,028A06,-74.1257,4.67132
137159,193A06,-74.1249,4.672686
137160,027A06,-74.1261,4.671298
137161,191A06,-74.1286,4.668414
137162,154A06,-74.1298,4.666924
137163,155B06,,
137164,128A07,-74.134,4.66166
139113,102A03,-74.0923,4.761107
139115,099A03,-74.0921,4.757559
139116,097A03,-74.0928,4.7553550000000016
139117,022A03,-74.0953,4.756642
139118,621A03,-74.097,4.756006
139119,119A03,-74.0998,4.756849
139120,135A03,-74.1019,4.7550940000000015
139121,133A03,-74.1033,4.752778
139122,193A03,-74.1034,4.750267
139123,194A03,-74.102,4.749517
139124,195A03,-74.0996,4.748434
139125,196A03,-74.097,4.746824
139126,010A03,-74.0968,4.745787
139127,204A03,-74.0982,4.742554
139128,104A03,-74.0996,4.7378550000000015
139129,009A03,-74.1002,4.7349489999999985
139130,202A03,-74.1007,4.731398
139131,051A03,-74.1011,4.729103
139132,080A03,-74.09899999999998,4.724611
139133,081A03,-74.0976,4.722331
139134,049A03,-74.0953,4.720293
139135,006A03,-74.0927,4.716207
139136,010A04,-74.0941,4.710604
139137,112A04,-74.0974,4.7073269999999985
139138,111A04,-74.0993,4.705368
139139,110A04,-74.1032,4.700332
139140,005A04,-74.1051,4.69758
139141,050A05,-74.1067,4.694656
139142,012A05,-74.1075,4.693099
139143,034A05,-74.1087,4.690815
139144,453A05,-74.1103,4.688697
139145,169A05,-74.1128,4.685963
139146,030A05,-74.1141,4.684582
139147,168A05,-74.1164,4.6821480000000015
139148,153B06,,
139168,023A08,-74.1719,4.6280230000000016
139169,021A08,-74.176,4.6263830000000015
139170,018A08,-74.1786,4.624727
139171,317A08,-74.1824,4.621149
139172,016A08,-74.1832,4.619726
139173,116A09,-74.1844,4.6190430000000005
139174,290A09,,
139176,154A09,-74.1908,4.622499
139177,266A09,-74.1938,4.621688
139178,256A09,-74.197,4.620555
139179,498A09,-74.1984,4.620389
139180,242A09,,
139181,260A09,-74.1987,4.6240830000000015
139182,262A09,-74.1995,4.6266120000000015
139183,252A09,-74.1999,4.627789
139184,269A09,-74.1994,4.628461
139190,270A09,-74.199,4.628777
139191,251A09,-74.2,4.627772
139192,261A09,-74.1995,4.62662
139193,259A09,-74.1987,4.623823000000002
139194,254A09,,
139195,497B09,,
139196,255A09,-74.1955,4.620953
139197,265A09,-74.1931,4.621777
139198,293A09,-74.1912,4.6222379999999985
139200,289A09,-74.1877,4.618107
139201,117A09,-74.184,4.6189019999999985
139202,318A08,-74.1823,4.620861
139203,019A08,-74.1791,4.623919
139223,430A06,-74.1245,4.6728760000000005
139224,029A06,-74.1224,4.67542
139225,028A05,-74.1163,4.68192
139226,009A05,-74.1149,4.683407
139227,010A05,-74.1119,4.686504
139228,011A05,-74.1098,4.688922
139229,029A05,-74.1076,4.69243
139230,013A05,-74.1066,4.694401
139231,006A04,-74.1047,4.697807
139232,007A04,-74.1023,4.7010760000000005
139233,008A04,-74.098,4.7064010000000005
139234,009A04,-74.0954,4.708971
139235,011A04,-74.0941,4.710249
139236,007A03,-74.0925,4.71621
139237,048A03,-74.0941,4.719289
139238,593A03,-74.0958,4.721036
139239,082A03,-74.0972,4.722195
139240,079A03,-74.0987,4.724643
139241,050A03,-74.1009,4.729068
139242,203A03,-74.1002,4.732914
139243,008A03,-74.0999,4.735094
139244,103A03,-74.0995,4.737616
139245,205A03,-74.0985,4.741104
139246,078A03,-74.097,4.744599
139247,189A03,-74.0981,4.748016000000002
139248,191A03,-74.1009,4.749372
139249,192A03,-74.1041,4.750924
139250,134A03,-74.1035,4.7523019999999985
139251,136A03,-74.102,4.754668
139252,120A03,-74.1009,4.756483
139253,409A00,-74.0993,4.756489
139254,106A03,-74.0967,4.755056
139255,567A03,-74.0942,4.7557230000000015
139256,098A03,-74.0928,4.755268
139257,100A03,-74.092,4.757649
139258,101A03,-74.0923,4.761
141318,666A08,,
141319,664A08,,
141325,661A08,,
141326,659A08,,
141328,079B08,-74.1792,4.6347510000000005
141365,216A13,-74.0919,4.577707
141366,212A13,-74.0922,4.575111
141407,658A08,,
141408,660A08,,
141416,665A08,,
141417,667A08,,
161694,255A08,-74.1678,4.650313
161695,610A08,-74.1674,4.6484190000000005
161716,149A06,-74.1239,4.670433999999998
161717,146A06,-74.1216,4.667911
161718,145A06,-74.1195,4.665543
161719,043A06,-74.1177,4.663528
161724,130A06,-74.1062,4.64956
161729,138A05,-74.0918,4.663917
161730,144A05,-74.0895,4.660623
161731,150A05,-74.0878,4.658123000000002
161732,153A05,-74.0866,4.656361
161733,154A05,-74.085,4.654268
161734,157A05,-74.0809,4.652407
161735,018A00,-74.0747,4.651308
161736,324A00,-74.0716,4.650754
161737,325A00,-74.0688,4.650245
161738,014A00,-74.067,4.649914
161739,054A00,-74.0651,4.649583
161740,053A00,-74.0625,4.649207
161741,104A00,-74.0603,4.649298
161746,105A00,-74.0559,4.657332
161752,219B00,-74.0456,4.678381
161753,220B00,-74.0465,4.676597
161754,044B00,-74.0475,4.674696
161755,221B00,-74.0485,4.672724
161756,222B00,-74.0493,4.671321
161757,045B00,-74.0513,4.668247
161758,223B00,-74.0525,4.666462
161759,224B00,-74.0541,4.664043
161760,225B00,-74.0565,4.660478
161761,226B00,-74.0582,4.657963
161762,227B00,-74.0593,4.656432
161763,228B00,-74.0605,4.6547
161764,229B00,-74.0612,4.653283
161766,052A00,-74.0636,4.651043
161767,013A00,-74.0661,4.64998
161768,015A00,-74.0692,4.650517
161769,016A00,-74.0719,4.651024
161770,017A00,-74.074,4.651395
161771,019A00,-74.0757,4.651711
161772,156A05,-74.0814,4.652758
161773,155A05,-74.0853,4.654952
161774,152A05,-74.0863,4.656357
161775,151A05,-74.0876,4.658239
161776,145A05,-74.0896,4.661135
161777,139A05,-74.0912,4.66345
161780,117B05,-74.0995,4.658869
161787,071A06,-74.1174,4.663461
161788,144A06,-74.1192,4.6654589999999985
161789,045A06,-74.1205,4.666974
161790,147A06,-74.1219,4.668548
161791,148A06,-74.1237,4.670545
161792,192A06,-74.1248,4.671721
161816,254A08,-74.1688,4.651115
162122,297A00,-74.0558,4.660830000000002
162123,298A00,-74.0587,4.662635
162124,302A00,-74.058,4.664693
162125,303A00,-74.0572,4.6660059999999985
162126,304A00,-74.0556,4.669148000000002
162127,305A00,-74.0549,4.670717
162128,306A00,-74.054,4.672434
162129,307A00,-74.0533,4.673780000000002
162130,308A00,-74.0526,4.675239
162131,310A00,-74.0511,4.678223
162132,284A00,-74.0498,4.678899
162133,285A00,-74.0472,4.677552
162197,655A08,,
162465,511A09,-74.1826,4.607522
162468,227A09,,
162469,648A09,,
162525,209B08,-74.133,4.611974
162526,159B08,-74.137,4.616205
162527,185A08,-74.1431,4.619406
162528,184A08,-74.1459,4.618734
162529,183A08,-74.15,4.617701
162533,180A08,-74.1619,4.6155370000000016
162534,169A08,-74.1653,4.614459
162535,161A08,-74.1696,4.613839
162536,168A08,-74.1715,4.6135730000000015
162537,166A08,-74.17399999999998,4.614117
162538,610A09,-74.1759,4.613553
162539,101A09,-74.1773,4.6122440000000005
162540,102A09,-74.1797,4.610149
164245,266A08,-74.1869,4.622535
164246,258A08,-74.1849,4.621069
164247,264A08,-74.1841,4.620375
164264,127B08,-74.1598,4.620739
164265,150B08,-74.158,4.6226720000000014
164274,672A08,,
164288,347A00,-74.072,4.6239930000000005
164289,147A00,-74.0727,4.627031
164290,351A00,-74.0725,4.629413
164291,143A00,-74.0723,4.630632
164292,145A00,-74.0717,4.633769999999998
164293,352A00,-74.0705,4.635268
164294,103A00,-74.0696,4.6386699999999985
164295,353A00,-74.0688,4.643098
164296,102A00,-74.0684,4.645568
164297,354C00,-74.0678,4.648859
164298,101A00,-74.0674,4.650875
164299,193A00,-74.0669,4.653704
164300,355A00,-74.0654,4.6567
164301,230B00,-74.0632,4.651484
164302,231B00,-74.0634,4.650246
164303,232C00,-74.0637,4.6484510000000006
164304,098C00,-74.0643,4.645118
164305,233C00,-74.0648,4.6420949999999985
164306,198C00,-74.0654,4.638664
164307,234C00,-74.0661,4.633988
164311,538A00,-74.0687,4.624558
164312,520A00,-74.0702,4.62442
164348,265A08,-74.184,4.620254
164349,259A08,-74.1861,4.621445
164350,267A08,-74.1869,4.62275
169357,(49178) ALFONSO_L|3-4_ALFONSO_LOPEZ_MC,,
199623,047A09,-74.1817,4.600708999999998
199624,045A09,-74.1804,4.5978330000000005
199635,007A09,-74.1262,4.5948660000000014
199636,612A09,-74.1258,4.596535
199637,005A09,-74.125,4.597853
199638,003A09,-74.1231,4.600067
199639,015A08,-74.1204,4.603798
199640,014A08,-74.1194,4.605615
199641,108A08,-74.1181,4.608005
199644,008A07,-74.11399999999998,4.6161910000000015
199645,006A07,-74.1129,4.6186110000000005
199646,380A07,-74.1121,4.623492
199647,267A07,-74.1136,4.625261
199648,372A07,-74.1123,4.626643
199668,235B00,-74.0665,4.631761
199669,236B00,-74.0671,4.628278
199670,237B00,-74.0674,4.626618
199684,108A07,-74.1071,4.625575
199685,092A07,-74.1067,4.623055
199686,109A07,-74.1062,4.619322
199687,051A07,-74.1072,4.618155000000002
199688,374A07,-74.1106,4.616781
199689,052A07,-74.1134,4.615631
199696,078A09,-74.122,4.594191
199697,570A09,-74.1244,4.593935
199952,002A07,-74.1079,4.626017
199953,004A07,-74.1092,4.624266
199954,088A07,-74.1105,4.62214
199955,005A07,-74.113,4.618885
199956,007A07,-74.1142,4.616224
199959,050A08,-74.1182,4.608331
199960,013A08,-74.1195,4.60597
199961,048A08,-74.1206,4.604029
199962,004A09,-74.1233,4.600145
199963,006A09,-74.1248,4.598349
199964,611A09,-74.1259,4.596846
199965,008A09,-74.1264,4.595058
248733,269B02,,
248735,185A02,-74.0553,4.709803
248736,184A02,-74.0588,4.711194
248737,191A02,-74.0597,4.712128
248738,189A02,-74.062,4.712347
248739,199A02,-74.062,4.714665
248740,065A02,-74.0602,4.71624
248741,369A02,-74.0581,4.71433
667709,428A13,-74.0976,4.569142
868975,091A12,-74.1281,4.46841
868977,(57964) EMBALSE,,
868978,(58000) PA58000|VDA. EL DESTINO,,
868979,(58001) PA58001|VDA. OLARTE,,
9814001,(0) (UNKNOWN),,
13710584,252A02,-74.05199999999998,4.722216
13710585,201A02,-74.0542,4.723133
13710586,120A02,-74.0544,4.724554
13710587,122A02,-74.0581,4.72587
13710588,124A02,-74.061,4.726905
13710589,126A02,-74.0637,4.727945
13710596,630A03,,
13710606,215A02,-74.056,4.735578
13710607,218A02,-74.0549,4.735457
13710610,319A02,-74.0508,4.726954
13717175,269A02,-74.0537,4.714105
13717177,095A02,-74.0537,4.715706
13717178,062A02,-74.0565,4.7160199999999985
13717179,064A02,-74.0603,4.716396
13717180,080A02,-74.0639,4.716764
13717181,066A02,-74.066,4.716996
13717182,179A02,-74.0693,4.718322
13717183,180A02,-74.0719,4.719397
13717184,181A02,-74.0741,4.720086
13717191,363A02,-74.0665,4.716921
13717192,081A02,-74.064,4.716661
13717194,063A02,-74.0574,4.715967
13717195,323A02,-74.053,4.713762
13720129,263A02,-74.0485,4.745143
13720130,260A02,-74.0523,4.746007
13720141,361A02,-74.063,4.7324720000000005
13720142,134A02,-74.0638,4.730175
13720161,033A02,-74.0636,4.729982
13720162,083A02,-74.0628,4.732343
13720163,032A02,-74.0626,4.734969
13720164,214A02,-74.0603,4.7360370000000005
13720167,258A02,-74.0521,4.737123
13740279,308A02,-74.0619,4.748819
13740280,314A02,-74.0628,4.746416
13740281,220A02,-74.0646,4.744137
13751723,195A02,-74.055,4.721561
13787077,359A02,-74.0552,4.744537
13787079,360A02,-74.0577,4.7426260000000005
13787080,275A02,-74.0588,4.743728
13787081,276A02,-74.058,4.74503
16782645,525B08,,
16782646,542A08,-74.179,4.6325660000000015
16782649,558A08,-74.1801,4.628352
16782660,187A08,-74.1575,4.628058
16782661,188A08,-74.1553,4.630512
16782662,064A08,-74.153,4.6313260000000005
16782707,065A08,-74.152,4.631989
16782708,114A08,-74.1568,4.629072
16782717,535A08,-74.1771,4.626966
16782719,543A08,-74.1794,4.633655
16813284,556A08,-74.1781,4.6295470000000005
16813285,557A08,-74.1796,4.628563
16813304,086A06,-74.1053,4.629349
16813305,006A06,-74.1021,4.633513
16813306,004A06,-74.0997,4.636285
16813307,003A06,-74.0981,4.637315
16813308,006A05,-74.0917,4.641397
16813309,132A05,-74.0885,4.643459
16813310,134A05,-74.0872,4.644697
16813311,003A05,-74.0854,4.648628
16813312,002A05,-74.0845,4.6509
16813313,197A05,-74.0841,4.651814
16813321,046A00,-74.0604,4.648181
16813323,558A00,-74.0633,4.6465760000000005
16813324,557A00,-74.0662,4.647363
16813325,354B00,-74.0676,4.649649
16813331,001A05,-74.0843,4.651926
16813332,196A05,-74.0855,4.648996
16813333,004A05,-74.087,4.645377
16813334,133A05,-74.0893,4.643261
16813335,005A05,-74.0913,4.641956
16813336,066A06,-74.097,4.638321
16813337,138A06,-74.1003,4.636089
16813338,005A06,-74.102,4.634029
16813339,137A06,-74.1048,4.630328
16813450,277A08,-74.1881,4.626901
16813451,368A08,-74.1864,4.624755
16813470,091D07,-74.122,4.629378
16813471,101A07,-74.1205,4.633157
16813472,094A07,-74.1186,4.63679
16813473,126A06,-74.1159,4.639327
16813474,068A06,-74.111,4.644255
16813475,128A06,-74.1081,4.647157
16813477,400A06,-74.1019,4.65039
16813478,428A06,-74.1003,4.647979
16813479,414A06,-74.0987,4.645596
16813480,415A06,-74.0962,4.641758
16813484,135A05,-74.0845,4.645538
16813485,137A05,-74.0825,4.64375
16813486,038A00,-74.0767,4.642168
16813487,260A00,-74.0752,4.641911
16813488,389A00,-74.0734,4.6415760000000015
16813489,390A00,-74.0703,4.641003
16813490,261A00,-74.0677,4.640532
16813491,262A00,-74.0656,4.640174
16813501,035A00,-74.0709,4.641279
16813502,037A00,-74.0751,4.642056
16813503,259A00,-74.0766,4.642323
16813504,136A05,-74.0829,4.644383
16813505,016A05,-74.0845,4.6460599999999985
16813506,158A05,-74.0871,4.647892
16813507,017A05,-74.087,4.647232
16813511,391A05,-74.0955,4.642115
16813512,413A06,-74.0979,4.645816
16813513,388A05,-74.1005,4.649909
16813514,443A05,-74.1031,4.653953
16813521,095A07,-74.1196,4.636064
16813522,072A07,-74.1207,4.633516
16813523,096D07,-74.1211,4.632398
16813524,320A07,-74.1254,4.629821
16813544,640A08,-74.1841,4.62197
16813545,270A08,-74.1852,4.6233559999999985
16813546,367A08,-74.1862,4.624695
16813547,278A08,-74.1876,4.6264
19732068,662A09,,
19732075,285B08,,
19732113,408A05,-74.1149,4.679179
19732114,496A05,-74.1138,4.6764199999999985
19732115,374A05,-74.1164,4.674685
19732116,403A05,-74.1188,4.678351
19732122,155A06,-74.1323,4.663874
19732160,651A08,,
22597006,225A01,-74.0249,4.746943
22597007,152A01,-74.0232,4.746826
22597008,044A01,-74.0224,4.743459
22597009,229A01,-74.0224,4.741456
22597010,231A01,-74.0229,4.737977
22597032,162B01,-74.0391,4.680592
22597033,161B01,-74.041,4.681618
22597034,160B01,-74.0438,4.683095
22597035,001B01,-74.045,4.683693
22597062,587A08,-74.1067,4.598889
22597063,582A08,-74.1095,4.598095
22597064,583A08,-74.113,4.596558
22597065,077A09,-74.1178,4.5949870000000015
22597075,232A10,-74.1579,4.593787
22597076,230A10,-74.1577,4.592239
22597077,218A10,-74.1598,4.591451
22597078,213A10,-74.164,4.588781
22597079,203A10,-74.1672,4.589272
22597080,180A10,-74.1731,4.591967
22597081,266A10,-74.1763,4.591948
22597082,416A10,,
22597084,312A10,-74.1746,4.594499
22597085,201A10,-74.1678,4.5913
22597086,204A10,-74.1673,4.589235
22597087,212A10,-74.1636,4.588203
22597088,415A10,,
22597089,216A10,-74.1604,4.589283999999998
22597090,215A10,-74.1589,4.587848
22597091,231A10,-74.1576,4.592181
22597092,233A10,-74.1578,4.594913
22597099,095A10,-74.1229,4.593648
22597100,096A10,-74.1177,4.594626
22597101,324A10,-74.1138,4.59574
22597102,325A10,-74.1094,4.597767
22597131,216B00,-74.0429,4.682163
22597132,163A01,-74.0378,4.680118
22597133,113A01,-74.0362,4.683416
22597134,166A01,-74.0351,4.686205
22597135,049A01,-74.0344,4.689187
22597136,048A01,-74.0333,4.6925870000000005
22597137,169A01,-74.0327,4.69447
22597138,171A01,-74.0316,4.696143
22597139,172A01,-74.0296,4.698366
22597140,175A01,-74.0284,4.701111
22597154,232A01,-74.0227,4.7377379999999985
22597155,230A01,-74.0221,4.7415
22597156,043A01,-74.0221,4.74458
22597157,151A01,-74.0246,4.747235
22597158,226A01,-74.0279,4.747757
22597159,318A01,-74.0305,4.7481860000000005
26793372,408A09,-74.1436,4.599958999999999
26793376,003B10,-74.1447,4.587176
26793377,353B10,-74.1434,4.583798000000002
26793378,026B10,-74.1429,4.581112999999998
26793379,001B11,-74.1417,4.578251
26793380,098A11,-74.1399,4.576881
26793381,097A11,-74.1376,4.577918
26793382,096A11,-74.1345,4.578925
26793392,358A11,-74.128,4.563121
29950876,252A03,,
29950877,137A03,-74.1292,4.742903
29950878,245A03,-74.1303,4.741295
29950879,122A03,-74.1294,4.740233
29950880,249A03,-74.1283,4.740732
29950881,124A03,-74.1258,4.7418260000000005
29950882,505A03,-74.1232,4.742866
29950883,128A03,-74.1223,4.743225
29950884,130A03,-74.1198,4.744234
29950885,095A03,-74.116,4.744546
29950886,094A03,-74.1143,4.743586
29950887,092A03,-74.1114,4.742872
29950888,090A03,-74.1088,4.744783
29950889,580A03,-74.1072,4.74487
29950890,073A03,-74.1049,4.743939
29950891,071A03,-74.1035,4.743355
29950892,544A03,-74.1009,4.742504
29950893,069A03,-74.0989,4.7418
29950894,545A03,-74.0957,4.740631
29950895,068A03,-74.0925,4.73947
29950896,067A03,-74.0898,4.738622
29950897,206A03,-74.0853,4.737778
29950898,207A03,-74.0804,4.734843
29950899,208A03,-74.0771,4.732813
29950900,179A03,-74.0749,4.726776
29950901,178A03,-74.0733,4.7159
29950902,177A03,-74.0728,4.713412
29950923,215C00,-74.0461,4.683743
29950938,355B00,-74.0658,4.656064
29950940,100A00,-74.0637,4.659398
29950941,099A00,-74.0624,4.661508
29950973,046A02,-74.0724,4.713444
29950974,097A02,-74.0731,4.716056
29950975,155A02,-74.0745,4.726932
29950976,156A02,-74.0747,4.731424
29950977,180A03,-74.0779,4.733942
29950978,181A03,-74.0802,4.735273
29950979,182A03,-74.0845,4.737843
29950985,581A03,-74.1009,4.742594
29950986,070A03,-74.1023,4.743054
29950987,072A03,-74.1046,4.743915
29950988,074A03,-74.1073,4.7450410000000005
29950989,089A03,-74.1087,4.745088
29950990,091A03,-74.1113,4.743083
29950991,093B03,,
29950992,093A03,-74.1142,4.7436370000000005
29950993,096A03,-74.1163,4.744796
29950994,129A03,-74.1196,4.744406
29950995,127A03,-74.1219,4.743481
29950996,504A03,-74.1231,4.743022
29950997,123A03,-74.1258,4.741926
29950998,250A03,-74.1286,4.740692
29950999,121A03,-74.1297,4.74021
29951000,244A03,-74.13,4.740596
29951001,246A03,-74.1298,4.742066
29951002,138A03,-74.1291,4.7428940000000015
29951003,253A03,-74.1284,4.745113
30083142,685A09,,
30083143,683A09,,
30083144,681A09,,
30083147,247A09,-74.2028,4.628769
30083148,249A09,-74.2007,4.627891
30083162,663A08,,
30083177,250A09,-74.2013,4.62777
30083178,248A09,-74.2028,4.629049
30083179,253A09,-74.2034,4.6304300000000005
30083182,682A09,,
30083183,684A09,,
34172159,106A00,-74.054,4.660297
35003383,279A12,-74.1109,4.5542989999999985
35003384,272A12,-74.1143,4.5550169999999985
35003385,269A12,-74.1163,4.555184
35003386,394A12,-74.117,4.555117
35003400,060B11,,
35003404,021A11,-74.1167,4.582217
35003405,020A11,-74.1145,4.582971
35003406,398A11,-74.1106,4.583744
35003407,401A11,-74.1096,4.581816000000001
35003408,403A11,,
35003409,404A11,-74.1015,4.584535
35003410,065A11,-74.1,4.588012
35003411,014A11,-74.098,4.591536
35003412,011A11,-74.0963,4.593454
35003413,157A00,-74.096,4.595589
35003426,099D07,-74.123,4.627027
35003436,443A08,,
35003437,438A08,-74.163,4.640662
35003438,304A08,-74.1633,4.641986
35003450,439A08,,
35003476,206A00,-74.0997,4.597743
35003478,205A00,-74.0969,4.595827
35003479,113A11,-74.0968,4.594138
35003480,012A11,-74.0968,4.593273
35003481,013A11,-74.0982,4.591567
35003482,029A11,-74.1002,4.588889
35003483,551A11,-74.1017,4.585579
35003484,063A11,,
35003485,607A11,,
35003486,402A11,,
35003487,056A11,-74.1082,4.581774
35003488,058A11,-74.1093,4.583803
35003489,018A11,-74.1103,4.584365
35003490,016A10,-74.1138,4.5833629999999985
35003491,052A10,-74.1167,4.582366
35003492,017A10,-74.1183,4.581799
35003493,018A10,-74.1209,4.580941
35003494,019A10,-74.1236,4.579998000000002
35003513,560A12,,
35003514,513A12,-74.116,4.555015
35003515,271A12,-74.11399999999998,4.554983
35003516,278A12,-74.1107,4.5540379999999985
35003521,245A12,-74.1124,4.5469050000000015
35003522,247A12,-74.1098,4.545013
35947336,397A03,,
35980680,669A01,,
35980754,383A10,,
35980761,385A10,,
35980762,381A10,,
35980765,382A10,-74.1662,4.587397
36010001,067A05,-74.1397,4.7107410000000005
36010004,222A05,-74.1411,4.714348
36010020,478B05,-74.1163,4.703557
36010021,172B05,-74.1145,4.702003
36017506,182A07,-74.1451,4.642789
36017511,106C07,-74.1323,4.643752
36017513,056C07,-74.1269,4.648495
36017542,245B00,-74.0704,4.6047910000000005
36017580,334A07,-74.1444,4.642322
36017588,463A08,,
36056730,093A13,,
